sent_id	sentence	mention	mention expansion
597	Tapi kita juga punya kemampuan," tandas mantan Menteri Pemberdayaan BUMN ini.	BUMN	Badan Usaha Milik Negara
423	Battle of Surabaya bakal tercatat dalam buku sejarah sebagai film (panjang) animasi 2D yang pertama ditayangkan di bioskop, dan konon kabarnya bakal tayang pula di sejumlah negara lain berkat jalur distribusi dari Disney.	Surabaya	Kota Surabaya
423	Battle of Surabaya bakal tercatat dalam buku sejarah sebagai film (panjang) animasi 2D yang pertama ditayangkan di bioskop, dan konon kabarnya bakal tayang pula di sejumlah negara lain berkat jalur distribusi dari Disney.	Disney	The Walt Disney Company
290	Dijelaskan Anthoni, dalam rangka menekan kerugian akibat kurs, Indofood juga tetap mempertahankan hedging policy-nya, dimana per 30 Juni 2004 memiliki kontrak lindung nilai Principal Only Swap (POS) sebesar US $ 250 juta.	Anthoni	None
290	Dijelaskan Anthoni, dalam rangka menekan kerugian akibat kurs, Indofood juga tetap mempertahankan hedging policy-nya, dimana per 30 Juni 2004 memiliki kontrak lindung nilai Principal Only Swap (POS) sebesar US $ 250 juta.	Indofood	PT Indofood Sukses Makmur
197	Ya, kami hargai karena itu prerogatif Jokowi sebagai Presiden," sebutnya.	Jokowi	Joko Widodo
747	Mega mengenakan kain kebaya merah lengan panjang dan kain songket merah, dan Prabowo mengenakan safari krem lengan pendek.	Mega	Megawati Sukarnoputri
747	Mega mengenakan kain kebaya merah lengan panjang dan kain songket merah, dan Prabowo mengenakan safari krem lengan pendek.	Prabowo	Prabowo Subianto
858	Menteri Pendidikan dan Kebudayaan Anies Baswedan mencanangkan kebijakan baru untuk jajaran di kantornya.	Anies Baswedan	Anies Rasyid Baswedan
1611	Hingga pekan ke-18, awal Januari lalu, Inter masih berada di posisi teratas klasemen.	Inter	Internazionale
1630	Ikut mendampingi Risma, di antaranya adalah Kepala Dinas Pekerjaan Umum Bina Marga dan Pematusan Erna Purnawati dan Camat Bulak Suprayitno.	Risma	None
1630	Ikut mendampingi Risma, di antaranya adalah Kepala Dinas Pekerjaan Umum Bina Marga dan Pematusan Erna Purnawati dan Camat Bulak Suprayitno.	Bulak	Kecamatan Bulak
1630	Ikut mendampingi Risma, di antaranya adalah Kepala Dinas Pekerjaan Umum Bina Marga dan Pematusan Erna Purnawati dan Camat Bulak Suprayitno.	Suprayitno	None
1001	Jika Android dipercaya untuk menggarap 50% ponsel pintar anyar Samsung, maka Bada hanya 33%.	Android	Android Operating System
1001	Jika Android dipercaya untuk menggarap 50% ponsel pintar anyar Samsung, maka Bada hanya 33%.	Samsung	Samsung Electronics
1345	Seperti misteri ponsel Zune dan sistem operasi Windows Mobile 7 besutan Microsoft hingga menanti gertakan Bada, OS jagoan Samsung.	Microsoft	Microsoft Corporation
1345	Seperti misteri ponsel Zune dan sistem operasi Windows Mobile 7 besutan Microsoft hingga menanti gertakan Bada, OS jagoan Samsung.	Samsung	None
1681	Memang dalam agenda kunjungan Jokowi ke Ambon, tidak ada jadwal mengunjungi pusat perbelanjaan.	Jokowi	Joko Widodo
1681	Memang dalam agenda kunjungan Jokowi ke Ambon, tidak ada jadwal mengunjungi pusat perbelanjaan.	Ambon	Kota Ambon
1577	Dua gol PSG dicetak oleh Ibra dan Adrien Rabiot, sementara dua gol City tercatat atas nama Kevin De Bruyne dan Fernandinho.	PSG	Paris Saint
1577	Dua gol PSG dicetak oleh Ibra dan Adrien Rabiot, sementara dua gol City tercatat atas nama Kevin De Bruyne dan Fernandinho.	Ibra	None
1577	Dua gol PSG dicetak oleh Ibra dan Adrien Rabiot, sementara dua gol City tercatat atas nama Kevin De Bruyne dan Fernandinho.	Adrien Rabiot	None
1577	Dua gol PSG dicetak oleh Ibra dan Adrien Rabiot, sementara dua gol City tercatat atas nama Kevin De Bruyne dan Fernandinho.	City	Manchester City
1577	Dua gol PSG dicetak oleh Ibra dan Adrien Rabiot, sementara dua gol City tercatat atas nama Kevin De Bruyne dan Fernandinho.	Kevin De Bruyne	None
1577	Dua gol PSG dicetak oleh Ibra dan Adrien Rabiot, sementara dua gol City tercatat atas nama Kevin De Bruyne dan Fernandinho.	Fernandinho	Fernando Luiz Roza
2050	Sebelumnya, Menhub Ignasius Jonan juga menerangkan persoalan sebenarnya bukan pada penenerapan aplikasi atau tidak, tapi sarana transportasi yang digunakan.	Ignasius Jonan	Ignasius Jonan
71	Seperti diketahui, Apple dan Samsung saling menggugat di sejumlah negara.	Apple	None
71	Seperti diketahui, Apple dan Samsung saling menggugat di sejumlah negara.	Samsung	Samsung Electronics
1138	Telkom memperkirakan ada 850 ribu pelanggan Flexi yang menggunakan handset 1900 Megahertz.	Telkom	PT Telekomunikasi Indonesia
1513	Menteri Hukum dan HAM Yasonna Laoly meminta tambahan anggaran untuk membangun lembaga pemasyarakatan (lapas).	Yasonna Laoly	Yasonna Hamonangan Laoly
737	Dari nomor ganda putra, Lee Yong Dae/Yoo Yeon Seong (Korsel) memenangi laga final melawan Li Junhui/Liu Yuchen (China).	Lee Yong Dae	Lee Yong
737	Dari nomor ganda putra, Lee Yong Dae/Yoo Yeon Seong (Korsel) memenangi laga final melawan Li Junhui/Liu Yuchen (China).	Yoo Yeon Seong	Yoo Yeon
737	Dari nomor ganda putra, Lee Yong Dae/Yoo Yeon Seong (Korsel) memenangi laga final melawan Li Junhui/Liu Yuchen (China).	Korsel	None
737	Dari nomor ganda putra, Lee Yong Dae/Yoo Yeon Seong (Korsel) memenangi laga final melawan Li Junhui/Liu Yuchen (China).	Li Junhui	Li Junhui
737	Dari nomor ganda putra, Lee Yong Dae/Yoo Yeon Seong (Korsel) memenangi laga final melawan Li Junhui/Liu Yuchen (China).	Liu Yuchen	Liu Yuchen
737	Dari nomor ganda putra, Lee Yong Dae/Yoo Yeon Seong (Korsel) memenangi laga final melawan Li Junhui/Liu Yuchen (China).	China	Republik Rakyat Tiongkok
1279	Rencananya rangkaian acara itu akan digelar hari ini, Minggu (13/3) bersama Gubernur DKI Jakarta, Basuki Tjahaja Purnama atau Ahok.	DKI Jakarta	Daerah Khusus Ibukota Jakarta
1279	Rencananya rangkaian acara itu akan digelar hari ini, Minggu (13/3) bersama Gubernur DKI Jakarta, Basuki Tjahaja Purnama atau Ahok.	Basuki Tjahaja Purnama	Basuki Tjahaja Purnama
1279	Rencananya rangkaian acara itu akan digelar hari ini, Minggu (13/3) bersama Gubernur DKI Jakarta, Basuki Tjahaja Purnama atau Ahok.	Ahok	None
786	Jenderal Badrodin menghadiri pemakaman 13 prajurit TNI yang gugur dalam kecelakaan jatuhnya helikopter di Poso, Sulawesi Tengah.	Badrodin	Jenderal Badrodin Haiti
786	Jenderal Badrodin menghadiri pemakaman 13 prajurit TNI yang gugur dalam kecelakaan jatuhnya helikopter di Poso, Sulawesi Tengah.	TNI	None
786	Jenderal Badrodin menghadiri pemakaman 13 prajurit TNI yang gugur dalam kecelakaan jatuhnya helikopter di Poso, Sulawesi Tengah.	Poso	None
786	Jenderal Badrodin menghadiri pemakaman 13 prajurit TNI yang gugur dalam kecelakaan jatuhnya helikopter di Poso, Sulawesi Tengah.	Sulawesi Tengah	Provinsi Sulawesi Tengah
325	PDIP sebelumnya mengirim sinyal kuat menginginkan sejumlah kursi menteri digeser.	PDIP	Partai Demokrasi Indonesia Perjuangan
1992	Tapi semangat dan dukungan dari kawan-kawannya itu tak bisa terus menyalakan semangat di dada Morga.	Morga	None
212	Menurut Saleh, kalangan industri juga tidak bermasalah dengan lokasi Patimban, meskipun sebelumnya direncanakan adalah Cilamaya, Karawang, yang lebih dekat.	Saleh	None
212	Menurut Saleh, kalangan industri juga tidak bermasalah dengan lokasi Patimban, meskipun sebelumnya direncanakan adalah Cilamaya, Karawang, yang lebih dekat.	Patimban	None
212	Menurut Saleh, kalangan industri juga tidak bermasalah dengan lokasi Patimban, meskipun sebelumnya direncanakan adalah Cilamaya, Karawang, yang lebih dekat.	Cilamaya	None
212	Menurut Saleh, kalangan industri juga tidak bermasalah dengan lokasi Patimban, meskipun sebelumnya direncanakan adalah Cilamaya, Karawang, yang lebih dekat.	Karawang	None
1048	Selama ini iklan promosi pariwisata Korea telah memperlihatkan daya tarik wisata yang berbeda setiap tahunnya, salah satunya yang dibintangi oleh bintang Korean Wave, Lee Min Ho.	Korea	Korea Selatan
1048	Selama ini iklan promosi pariwisata Korea telah memperlihatkan daya tarik wisata yang berbeda setiap tahunnya, salah satunya yang dibintangi oleh bintang Korean Wave, Lee Min Ho.	Lee Min Ho	Lee Min
1342	Puluhan orang dikabarkan hilang dan ratusa lainnya luka-luka dalam aksi yang berpangkal dari intervensi pemerintahan Soeharto terhadap pengangkatan Megawati Soekarnoputri sebagai Ketum DPP PDI.	Soeharto	None
1342	Puluhan orang dikabarkan hilang dan ratusa lainnya luka-luka dalam aksi yang berpangkal dari intervensi pemerintahan Soeharto terhadap pengangkatan Megawati Soekarnoputri sebagai Ketum DPP PDI.	Megawati Soekarnoputri	Megawati Soekarnoputri
1342	Puluhan orang dikabarkan hilang dan ratusa lainnya luka-luka dalam aksi yang berpangkal dari intervensi pemerintahan Soeharto terhadap pengangkatan Megawati Soekarnoputri sebagai Ketum DPP PDI.	PDI	Partai Demokrasi Indonesia
1834	Wolfsburg-Real Madrid tunduk 0-2 ketika bertamu ke markas Wolfsburg, Kamis (7/4/2016) dini hari WIB, menguak sebuah catatan buruk tersendiri untuk kubu El Real.	Wolfsburg	VfL Wolfsburg
1834	Wolfsburg-Real Madrid tunduk 0-2 ketika bertamu ke markas Wolfsburg, Kamis (7/4/2016) dini hari WIB, menguak sebuah catatan buruk tersendiri untuk kubu El Real.	Real Madrid	Real Madrid Club de F
1834	Wolfsburg-Real Madrid tunduk 0-2 ketika bertamu ke markas Wolfsburg, Kamis (7/4/2016) dini hari WIB, menguak sebuah catatan buruk tersendiri untuk kubu El Real.	Wolfsburg	VfL Wolfsburg
1834	Wolfsburg-Real Madrid tunduk 0-2 ketika bertamu ke markas Wolfsburg, Kamis (7/4/2016) dini hari WIB, menguak sebuah catatan buruk tersendiri untuk kubu El Real.	El Real	Real Madrid
1693	Menghadapi mantan klub tak akan jadi alasan bagi Klopp untuk menahan emosinya.	Klopp	None
963	"Karena itu pimpinan DPR mengimbau kepada pimpinan Alat Kelengkapan Dewan dan anggota dewan yang terlibat dalam pembahasan RUU memprioritaskan kualitas UU tersebut," imbuh politisi Golkar itu.	DPR	Dewan Perwakilan Rakyat
963	"Karena itu pimpinan DPR mengimbau kepada pimpinan Alat Kelengkapan Dewan dan anggota dewan yang terlibat dalam pembahasan RUU memprioritaskan kualitas UU tersebut," imbuh politisi Golkar itu.	Golkar	Golongan Karya
1837	Sejak membuat debut Premier League pada September 2013, Christian Eriksen sudah menciptakan 250 peluang bikin gol untuk rekan-rekan satu timnya, sebuah pencapaian yang cuma dilewati Mesut Oezil (266) dalam kurun waktu sama.	Christian Eriksen	Christian Eriksen
1837	Sejak membuat debut Premier League pada September 2013, Christian Eriksen sudah menciptakan 250 peluang bikin gol untuk rekan-rekan satu timnya, sebuah pencapaian yang cuma dilewati Mesut Oezil (266) dalam kurun waktu sama.	Mesut Oezil	Mesut 
789	City sebenarnya juga membuat kesalahan fatal yang berujung gol lawan.	City	None
409	Pada 3 April pasukan Keselamatan Pantai Timur Sabah menemukan Anand 12, tongkang isi batubara yang sempat dibawa kelompok penyandera di sekitar 15 mil dari Pulau Mataking.	Pulau Mataking	None
255	Sebagai catatan, di dua laga tersebut Murray selalu kalah atas Roger Federer.	Murray	None
255	Sebagai catatan, di dua laga tersebut Murray selalu kalah atas Roger Federer.	Roger Federer	Roger Federer
1314	Kalau kami sudah lolos dan memastikan kalau kami cetak sejarah barulah kita bicarakan hal itu," tutur Pellegrini.	Pellegrini	None
631	Usai memberikan pesan perdana di Pesta Rakyat, Risma-Whisnu ikut mencoba kuliner yang disediakan.	Risma	None
631	Usai memberikan pesan perdana di Pesta Rakyat, Risma-Whisnu ikut mencoba kuliner yang disediakan.	Whisnu	None
1999	Inilah yang kini tengah terjadi antara Walt Disney dengan pemilik toko pakaian yang di Berkshire, Inggris, Joker ' s Masquerade.	Walt Disney	Walter Elias Disney
1999	Inilah yang kini tengah terjadi antara Walt Disney dengan pemilik toko pakaian yang di Berkshire, Inggris, Joker ' s Masquerade.	Inggris	Inggris
487	Namun melalui akun Twitter, Samsung kembali membeberkan petunjuk soal Galaxy S III.	Twitter	Situs jejaring sosial
487	Namun melalui akun Twitter, Samsung kembali membeberkan petunjuk soal Galaxy S III.	Samsung	None
555	Dengan bekal beberapa produk tablet sekaligus, Samsung agaknya serius menghadapi tantangan besar di pasar tablet.	Samsung	Samsung Electronics
999	Dan sangat disayangkan jika hal ini tersendat gara-gara antrean ataupun kemacetan yang terjadi di Selat Bali.	Selat Bali	Selat Bali Strait
238	Sebelum kembali ke Jakarta, Jokowi sempat meninjau Museum Trikora di Morotai yang mangkrak dan membagikan bantuan di Kabupaten Halmahera Utara.	Jakarta	None
238	Sebelum kembali ke Jakarta, Jokowi sempat meninjau Museum Trikora di Morotai yang mangkrak dan membagikan bantuan di Kabupaten Halmahera Utara.	Jokowi	None
238	Sebelum kembali ke Jakarta, Jokowi sempat meninjau Museum Trikora di Morotai yang mangkrak dan membagikan bantuan di Kabupaten Halmahera Utara.	Museum Trikora	Museum Trikora
238	Sebelum kembali ke Jakarta, Jokowi sempat meninjau Museum Trikora di Morotai yang mangkrak dan membagikan bantuan di Kabupaten Halmahera Utara.	Morotai	None
238	Sebelum kembali ke Jakarta, Jokowi sempat meninjau Museum Trikora di Morotai yang mangkrak dan membagikan bantuan di Kabupaten Halmahera Utara.	Kabupaten Halmahera Utara	None
1876	Dalam waktu tidak terlalu lama mereka akan capai rumusan bersama dalam rangkan perbaikan pelayanan," kata Pratikno.	Pratikno	None
1376	"Tadi kan satu pesawat sudah clearance (Pesawat Batik Air) untuk take off, ternyata masih ada pesawat yang posisinya di-towing (ditarik) dari apron mneuju ke hanggar, artinya ada 2 pesawat di runway," lanjut dia.	Batik Air	Batik Air Indonesia
291	Leicester yang mematok target terhindar dari degradasi secara konsisten menguasai papan atas klasemen Premier League hingga menjadi calon kuat juara.	Leicester	None
291	Leicester yang mematok target terhindar dari degradasi secara konsisten menguasai papan atas klasemen Premier League hingga menjadi calon kuat juara.	Premier League	Liga Utama Inggris
480	Bisa merebut gim kedua, Marcus/Chris mulai mendapat momentum saat memasuki gim ketiga.	Marcus	None
480	Bisa merebut gim kedua, Marcus/Chris mulai mendapat momentum saat memasuki gim ketiga.	Chris	Christiano Ronaldo
584	Samsung mulai menjual ponsel layar sentuh ke pasar pada 2008 lalu, dengan harga bersaing.	Samsung	Samsung Electronics
544	"Kalau Tsonga beberapa kali salah langkah sehingga beberapa kali pukulan Federer dinyatakan masuk.	Tsonga	Jo
544	"Kalau Tsonga beberapa kali salah langkah sehingga beberapa kali pukulan Federer dinyatakan masuk.	Federer	Roger Federer
1925	Ratas dihadiri Gubernur Jakarta Ahok, Menko Kemaritiman Rizal Ramli, Menko Perekonomian Darmin Nasution, Menhub Ignasius Jonan dan Mensesneg Pratikno.	Jakarta	Daerah Khusus Ibukota Jakarta
1925	Ratas dihadiri Gubernur Jakarta Ahok, Menko Kemaritiman Rizal Ramli, Menko Perekonomian Darmin Nasution, Menhub Ignasius Jonan dan Mensesneg Pratikno.	Ahok	Basuki Tjahaja Purnama
1925	Ratas dihadiri Gubernur Jakarta Ahok, Menko Kemaritiman Rizal Ramli, Menko Perekonomian Darmin Nasution, Menhub Ignasius Jonan dan Mensesneg Pratikno.	Rizal Ramli	Rizal Ramli
1925	Ratas dihadiri Gubernur Jakarta Ahok, Menko Kemaritiman Rizal Ramli, Menko Perekonomian Darmin Nasution, Menhub Ignasius Jonan dan Mensesneg Pratikno.	Darmin Nasution	Menteri Koordinator Perekonomian
1925	Ratas dihadiri Gubernur Jakarta Ahok, Menko Kemaritiman Rizal Ramli, Menko Perekonomian Darmin Nasution, Menhub Ignasius Jonan dan Mensesneg Pratikno.	Ignasius Jonan	Ignasius Jonan
1925	Ratas dihadiri Gubernur Jakarta Ahok, Menko Kemaritiman Rizal Ramli, Menko Perekonomian Darmin Nasution, Menhub Ignasius Jonan dan Mensesneg Pratikno.	Pratikno	Menteri Sekretaris Negara
1178	Saat ini adalah periode kedua Ledia terpilih sebagai wakil rakyat.	Ledia	None
276	"Itu tentu kita hormati dan PPP sudah sepakat bulat seluruh warga PPP menyelesaikan sengketa selama itu sudah bertahun-tahun terjadi dan satu-satunya cara untuk menyelesaikan sengketa itu dengan muktamar sebagai forum islah," kata Lukman.	PPP	Partai Persatuan Pembangunan
276	"Itu tentu kita hormati dan PPP sudah sepakat bulat seluruh warga PPP menyelesaikan sengketa selama itu sudah bertahun-tahun terjadi dan satu-satunya cara untuk menyelesaikan sengketa itu dengan muktamar sebagai forum islah," kata Lukman.	PPP	Partai Persatuan Pembangunan
276	"Itu tentu kita hormati dan PPP sudah sepakat bulat seluruh warga PPP menyelesaikan sengketa selama itu sudah bertahun-tahun terjadi dan satu-satunya cara untuk menyelesaikan sengketa itu dengan muktamar sebagai forum islah," kata Lukman.	Lukman	None
30	Kala menghadapi Leverkusen, Wolfsburg membuat 5 attempts on target tanpa menghasilkan satu gol pun.	Leverkusen	Bayer Leverkusen
30	Kala menghadapi Leverkusen, Wolfsburg membuat 5 attempts on target tanpa menghasilkan satu gol pun.	Wolfsburg	VfL Wolfsburg
1814	Siku pemain asal Jerman itu mengenai muka Vieirinha, hingga asal Pertugal itu terkapar.	Jerman	None
1814	Siku pemain asal Jerman itu mengenai muka Vieirinha, hingga asal Pertugal itu terkapar.	Vieirinha	Vieira da Silva
1814	Siku pemain asal Jerman itu mengenai muka Vieirinha, hingga asal Pertugal itu terkapar.	Pertugal	Portugal
282	Istana Kepresidenan RI menyambut baik kritik Ketua Umum PDIP Megawati Soekarnoputri pada program BLT.	Istana Kepresidenan RI	Istana Kepresidenan Republik Indonesia
282	Istana Kepresidenan RI menyambut baik kritik Ketua Umum PDIP Megawati Soekarnoputri pada program BLT.	PDIP	None
282	Istana Kepresidenan RI menyambut baik kritik Ketua Umum PDIP Megawati Soekarnoputri pada program BLT.	Megawati Soekarnoputri	None
185	Tantangan kian besar karena Sociedad akan berusaha mengeksploitasi fisik Barca setelah melakoni laga tengah pekan di Liga Champions.	Sociedad	None
185	Tantangan kian besar karena Sociedad akan berusaha mengeksploitasi fisik Barca setelah melakoni laga tengah pekan di Liga Champions.	Barca	None
1631	Bersiaplah menyambut perpaduan dunia magical Disney dan kekayaan budaya Tiongkok di theme park senilai US$ 5,5 miliar (Rp 77,5 triliun).	Disney	The Walt Disney Company
1631	Bersiaplah menyambut perpaduan dunia magical Disney dan kekayaan budaya Tiongkok di theme park senilai US$ 5,5 miliar (Rp 77,5 triliun).	Tiongkok	None
234	Inter Milan sempat memimpin klasemen Serie A pada paruh pertama musim ini, namun sekarang cuma mengincar tiket Liga Champions.	Inter Milan	Internazionale Milano
1152	Pada Oktober 2013, Kota Surabaya di bawah kepemimpinannya juga memperoleh penghargaan tingkat Asia-Pasifik, yaitu Future Government Awards 2013 di dua bidang sekaligus, yaitu data center dan inklusi digital menyisihkan 800 kota di seluruh Asia-Pasifik.	Kota Surabaya	Kota Surabaya
1152	Pada Oktober 2013, Kota Surabaya di bawah kepemimpinannya juga memperoleh penghargaan tingkat Asia-Pasifik, yaitu Future Government Awards 2013 di dua bidang sekaligus, yaitu data center dan inklusi digital menyisihkan 800 kota di seluruh Asia-Pasifik.	Asia-Pasifik	Asia Pasifik
1152	Pada Oktober 2013, Kota Surabaya di bawah kepemimpinannya juga memperoleh penghargaan tingkat Asia-Pasifik, yaitu Future Government Awards 2013 di dua bidang sekaligus, yaitu data center dan inklusi digital menyisihkan 800 kota di seluruh Asia-Pasifik.	Asia-Pasifik	Asia Pasifik
1987	Perundingan Indonesia EFTA sejauh ini sudah berhenti selama 3 tahun.	Indonesia	Republik Indonesia
1987	Perundingan Indonesia EFTA sejauh ini sudah berhenti selama 3 tahun.	EFTA	None
1500	Jakarta-Manuel Pellegrini wanti-wanti agar para pemain tak kehilangan fokus meskipun mempunyai keuntungan usai meraih hasil imbang di markas Paris Saint-Germain.	Jakarta	Jakarta
1500	Jakarta-Manuel Pellegrini wanti-wanti agar para pemain tak kehilangan fokus meskipun mempunyai keuntungan usai meraih hasil imbang di markas Paris Saint-Germain.	Manuel Pellegrini	Manuel Pellegrini
1500	Jakarta-Manuel Pellegrini wanti-wanti agar para pemain tak kehilangan fokus meskipun mempunyai keuntungan usai meraih hasil imbang di markas Paris Saint-Germain.	Paris Saint-Germain	Paris Saint
1717	Menurutnya, wacana pengusungan Risma ke DKI hanya sebatas omongan sejumlah kader PDIP saja dan mustahil menjadi kenyataan, meski wacana seperti itu boleh saja dimunculkan.	Risma	None
1717	Menurutnya, wacana pengusungan Risma ke DKI hanya sebatas omongan sejumlah kader PDIP saja dan mustahil menjadi kenyataan, meski wacana seperti itu boleh saja dimunculkan.	DKI	Daerah Khusus Ibukota
1717	Menurutnya, wacana pengusungan Risma ke DKI hanya sebatas omongan sejumlah kader PDIP saja dan mustahil menjadi kenyataan, meski wacana seperti itu boleh saja dimunculkan.	PDIP	Partai Demokrasi Indonesia Perjuangan
1363	London-Arsene Wenger yakin Arsenal masih bisa finis teratas di Premier League, meski tertinggal jauh dari Leicester City.	London	Kota London
1363	London-Arsene Wenger yakin Arsenal masih bisa finis teratas di Premier League, meski tertinggal jauh dari Leicester City.	Arsene Wenger	Arsene Wenger
1363	London-Arsene Wenger yakin Arsenal masih bisa finis teratas di Premier League, meski tertinggal jauh dari Leicester City.	Arsenal	Arsenal Football Club
1363	London-Arsene Wenger yakin Arsenal masih bisa finis teratas di Premier League, meski tertinggal jauh dari Leicester City.	Leicester	Leicester City
1363	London-Arsene Wenger yakin Arsenal masih bisa finis teratas di Premier League, meski tertinggal jauh dari Leicester City.	City	Leicester City
808	Penyerahan bantuan sosial berupa program Keluarga Harapan (PKH), Asistensi Sosial Penyandang Disabilitas Berat (ASPDB), Asistensi Sosial Lanjut Usia (ASLU), Kartu Indonesia Pintar (KIP), dan Beras untuk Rakyat Sejahtera (Beras Rastra) dilakukan di Terminal Suasio, Halmahera Utara.	Halmahera Utara	Kabupaten Halmahera Utara
818	Tim paslon yang diusung Partai Demokrat-PAN juga menegaskan pihaknya tidak mencari cari masalah dan berprasangka buruk.	Partai Demokrat	None
818	Tim paslon yang diusung Partai Demokrat-PAN juga menegaskan pihaknya tidak mencari cari masalah dan berprasangka buruk.	PAN	None
2036	Sementara itu MU yang saat ini berada di posisi lima juga butuh hasil positif dan tambahan poin dalam usahanya mengejar posisi empat besar untuk mendapat tiket Liga Champions musim depan.	MU	None
1850	Toyota Sienta dikembangkan sesuai dengan karakter dan kebutuhan masyarakat Indonesia.	Toyota	Toyota Motor Corporation
1850	Toyota Sienta dikembangkan sesuai dengan karakter dan kebutuhan masyarakat Indonesia.	Indonesia	Republik Indonesia
68	Los Angeles-Walt Disney Co. memperkenalkan sebuah layanan baru yang memungkinkan anak di bawah umur 14 tahun membuat situs mini pribadi, seperti situs jaringan pertemanan MySpace.com.	Los Angeles	Kota Los Angeles
68	Los Angeles-Walt Disney Co. memperkenalkan sebuah layanan baru yang memungkinkan anak di bawah umur 14 tahun membuat situs mini pribadi, seperti situs jaringan pertemanan MySpace.com.	Walt Disney Co.	The Walt Disney Company
68	Los Angeles-Walt Disney Co. memperkenalkan sebuah layanan baru yang memungkinkan anak di bawah umur 14 tahun membuat situs mini pribadi, seperti situs jaringan pertemanan MySpace.com.	MySpace.com	Myspace
129	Acara pelantikan berlangsung di Ruang Utama Istana Negara, Jl Medan Merdeka Utara, Jakarta Pusat, Kamis (7/4/2016).	Istana Negara	None
129	Acara pelantikan berlangsung di Ruang Utama Istana Negara, Jl Medan Merdeka Utara, Jakarta Pusat, Kamis (7/4/2016).	Jakarta Pusat	Kota Administratif Jakarta Pusat
545	Sebelumnya, saat memimpin rapat terbatas membahas LRT, Presiden Jokowi menyentil Ahok karena belum memulai proyek LRT.	LRT	None
545	Sebelumnya, saat memimpin rapat terbatas membahas LRT, Presiden Jokowi menyentil Ahok karena belum memulai proyek LRT.	Jokowi	Joko Widodo
545	Sebelumnya, saat memimpin rapat terbatas membahas LRT, Presiden Jokowi menyentil Ahok karena belum memulai proyek LRT.	Ahok	None
545	Sebelumnya, saat memimpin rapat terbatas membahas LRT, Presiden Jokowi menyentil Ahok karena belum memulai proyek LRT.	LRT	None
2063	Selanjutnya Jokowi juga memerintahkan kepada para menteri untuk ikut dalam penyusunan anggaran.	Jokowi	Joko Widodo
52	Lantas, adakah permintaan PDIP ke Presiden Jokowi soal posisi menteri yang layak diganti?	PDIP	None
52	Lantas, adakah permintaan PDIP ke Presiden Jokowi soal posisi menteri yang layak diganti?	Jokowi	None
1095	menuliskan Taufik sebagai "Roger Federer dari Indonesia".Selain itu, anggaran itu juga untuk menambah fasilitas dan meningkatkan standar keamanan.	Taufik	None
1095	menuliskan Taufik sebagai "Roger Federer dari Indonesia".Selain itu, anggaran itu juga untuk menambah fasilitas dan meningkatkan standar keamanan.	Roger Federer	Roger Federer
1095	menuliskan Taufik sebagai "Roger Federer dari Indonesia".Selain itu, anggaran itu juga untuk menambah fasilitas dan meningkatkan standar keamanan.	Indonesia	Republik Indonesia
1945	PT Pos Indonesia (Persero) mengangkat sebanyak 5 tenaga Perjanjian Kerja Waktu Tertentu (PKWT), tenaga alih daya atau outsourcing (OS) serta Intake Renewal, sebagai pegawai tetap Pos Indonesia.	PT Pos Indonesia	Perusahaan Terbatas Pos Indonesia
1945	PT Pos Indonesia (Persero) mengangkat sebanyak 5 tenaga Perjanjian Kerja Waktu Tertentu (PKWT), tenaga alih daya atau outsourcing (OS) serta Intake Renewal, sebagai pegawai tetap Pos Indonesia.	Pos Indonesia	Perusahaan Umum Pos Indonesia
608	Hingga kini, ungkap Arwin, Telkom dan Bukaka SingTel belum mencapai kesepakatan harga dalam negosiasi buy out (pengambilalihan) pembangunan telekomunikasi di KTI yang selama ini dikerjakan dengan sistem kerja sama operasi (KSO) itu.	Arwin	None
608	Hingga kini, ungkap Arwin, Telkom dan Bukaka SingTel belum mencapai kesepakatan harga dalam negosiasi buy out (pengambilalihan) pembangunan telekomunikasi di KTI yang selama ini dikerjakan dengan sistem kerja sama operasi (KSO) itu.	Telkom	None
2088	Presiden Joko Widodo dalam waktu dekat dikabarkan akan segera melakukan reshuffle kabinet jilid II.	Joko Widodo	Joko Widodo
1375	"Dengan mengucap Bismillahirrahmanirrahim, saya nyatakan Bandara Internasional Juwata resmi dioperasikan," tambah Jokowi.	Bandara Internasional Juwata	Bandar Udara Internasional Tarakan Juwata
1375	"Dengan mengucap Bismillahirrahmanirrahim, saya nyatakan Bandara Internasional Juwata resmi dioperasikan," tambah Jokowi.	Jokowi	Joko Widodo
300	Launching dilakukan di Gedung Sawunggaling, Pemkot Surabaya, oleh Wakil Walikota Surabaya, Arief Afandi bersama dengan Executive General Manager Telkom Divre V Jawa Timur, Nanang Ismail Kosim.	Surabaya	Kota Surabaya
300	Launching dilakukan di Gedung Sawunggaling, Pemkot Surabaya, oleh Wakil Walikota Surabaya, Arief Afandi bersama dengan Executive General Manager Telkom Divre V Jawa Timur, Nanang Ismail Kosim.	Surabaya	Kota Surabaya
300	Launching dilakukan di Gedung Sawunggaling, Pemkot Surabaya, oleh Wakil Walikota Surabaya, Arief Afandi bersama dengan Executive General Manager Telkom Divre V Jawa Timur, Nanang Ismail Kosim.	Arief Afandi	Arief Afandi
300	Launching dilakukan di Gedung Sawunggaling, Pemkot Surabaya, oleh Wakil Walikota Surabaya, Arief Afandi bersama dengan Executive General Manager Telkom Divre V Jawa Timur, Nanang Ismail Kosim.	Telkom	PT Telekomunikasi Indonesia
300	Launching dilakukan di Gedung Sawunggaling, Pemkot Surabaya, oleh Wakil Walikota Surabaya, Arief Afandi bersama dengan Executive General Manager Telkom Divre V Jawa Timur, Nanang Ismail Kosim.	Jawa Timur	Jawa Timur
1921	Dengan jaminan dua menteri yang memiliki integritas, Menhub Ignasius Jonan dan Menkominfo Rudiantara, proses akan mudah.	Ignasius Jonan	None
1921	Dengan jaminan dua menteri yang memiliki integritas, Menhub Ignasius Jonan dan Menkominfo Rudiantara, proses akan mudah.	Rudiantara	None
232	Jaksa Penuntut Umum dari Komisi Pemberantasan Korupsi (KPK) Abdul Basir sempat meminta kepada Majelis Hakim di Pengadilan Tindak Pidana Korupsi, untuk menghadirkan seorang saksi lagi untuk memberi keterangan dalam sidang yang digelar bagi terdakwa Direktur PT Windhu Tunggal Utama, Abdul Khoir, Senin (2/5/2016).	Komisi Pemberantasan Korupsi	Komisi Pemberantasan Korupsi Kepada Republik Indonesia
232	Jaksa Penuntut Umum dari Komisi Pemberantasan Korupsi (KPK) Abdul Basir sempat meminta kepada Majelis Hakim di Pengadilan Tindak Pidana Korupsi, untuk menghadirkan seorang saksi lagi untuk memberi keterangan dalam sidang yang digelar bagi terdakwa Direktur PT Windhu Tunggal Utama, Abdul Khoir, Senin (2/5/2016).	KPK	Komisi Pemberantasan Korupsi
368	Dukung pemerintah bukan untuk dapat posisi," terang Ketum Golkar Aburizal Bakrie menjelaskan posisinya, Kamis (31/3).	Golkar	None
368	Dukung pemerintah bukan untuk dapat posisi," terang Ketum Golkar Aburizal Bakrie menjelaskan posisinya, Kamis (31/3).	Aburizal Bakrie	None
1786	Dari diskusi dengan beberapa pihak yang berwenang memunculkan banyak dugaan sambil menunggu hasil penyelidikan KNKT.	KNKT	None
308	Sejumlah analis berpendapat, jika ZTE ingin sejajar dengan iPhone Apple dan Galaxy Samsung, salah satu hambatan terbesar yang harus dihadapinya adalah pengenalan merek.	ZTE	None
308	Sejumlah analis berpendapat, jika ZTE ingin sejajar dengan iPhone Apple dan Galaxy Samsung, salah satu hambatan terbesar yang harus dihadapinya adalah pengenalan merek.	iPhone	None
308	Sejumlah analis berpendapat, jika ZTE ingin sejajar dengan iPhone Apple dan Galaxy Samsung, salah satu hambatan terbesar yang harus dihadapinya adalah pengenalan merek.	Apple	None
308	Sejumlah analis berpendapat, jika ZTE ingin sejajar dengan iPhone Apple dan Galaxy Samsung, salah satu hambatan terbesar yang harus dihadapinya adalah pengenalan merek.	Samsung	None
1520	Jadi partai yang ikut arahan dan aturan main presiden," kata Chief Executive Officer (CEO) Cyrus Network Hasan Nasbi kepada detikcom, Rabu (23/3/2016).	detikcom	None
1740	Dia menaruh harap kepada Jokowi untuk bisa menjalankan roda pemerintahan.	Jokowi	Joko Widodo
496	Jonan mengatakan Bandara Juwata ini menjadi bandara internasional pertama yang dibangun sejak 20 tahun lalu.	Jonan	None
496	Jonan mengatakan Bandara Juwata ini menjadi bandara internasional pertama yang dibangun sejak 20 tahun lalu.	Bandara Juwata	None
974	Wasekjen PKB Daniel Johan menyebut reshuffle adalah sepenuhnya hak presiden.	PKB	Partai Keadilan Bangsa
974	Wasekjen PKB Daniel Johan menyebut reshuffle adalah sepenuhnya hak presiden.	Daniel Johan	Wakil Sekretaris Jenderal Partai Kebangkitan Bang
614	pengelolaan parkir di Taman Ismail Marzuki (TIM) di Cikini, Jakarta Pusat, diambil oleh Unit Pelaksanan Teknis Perparkiran Dinas Perhubungan dan Transportasi (Dishubtrans) Pemprov DKI Jakarta.	Taman Ismail Marzuki	Taman Ismail Marzuki
614	pengelolaan parkir di Taman Ismail Marzuki (TIM) di Cikini, Jakarta Pusat, diambil oleh Unit Pelaksanan Teknis Perparkiran Dinas Perhubungan dan Transportasi (Dishubtrans) Pemprov DKI Jakarta.	TIM	Taman Ismail Marzuki
614	pengelolaan parkir di Taman Ismail Marzuki (TIM) di Cikini, Jakarta Pusat, diambil oleh Unit Pelaksanan Teknis Perparkiran Dinas Perhubungan dan Transportasi (Dishubtrans) Pemprov DKI Jakarta.	Cikini	Cikini
614	pengelolaan parkir di Taman Ismail Marzuki (TIM) di Cikini, Jakarta Pusat, diambil oleh Unit Pelaksanan Teknis Perparkiran Dinas Perhubungan dan Transportasi (Dishubtrans) Pemprov DKI Jakarta.	Jakarta Pusat	Kota Administratif Jakarta Pusat
614	pengelolaan parkir di Taman Ismail Marzuki (TIM) di Cikini, Jakarta Pusat, diambil oleh Unit Pelaksanan Teknis Perparkiran Dinas Perhubungan dan Transportasi (Dishubtrans) Pemprov DKI Jakarta.	DKI Jakarta	Pemerintah Daerah Khusus Ibukota Jakarta
112	Peluang Arsenal untuk jadi juara tidak besar karena jarak dengan Leicester yang begitu jauh.	Arsenal	Arsenal Football Club
112	Peluang Arsenal untuk jadi juara tidak besar karena jarak dengan Leicester yang begitu jauh.	Leicester	Leicester City F
1766	Berbeda dengan laga melawan Leverkusen, Wolfsburg tampil lebih efektif ketika menghadapi Madrid.	Leverkusen	Bayer Leverkusen
1766	Berbeda dengan laga melawan Leverkusen, Wolfsburg tampil lebih efektif ketika menghadapi Madrid.	Wolfsburg	VfL Wolfsburg
1766	Berbeda dengan laga melawan Leverkusen, Wolfsburg tampil lebih efektif ketika menghadapi Madrid.	Madrid	Real Madrid
1308	Untuk diketahui, ini merupakan Sidang Paripurna pertama kali yang dilakukan oleh Jokowi di Gedung Setneg.	Jokowi	Joko Widodo
252	Namun, hanya butuh 20 menit untuk Wolfsburg membuat Madrid pulang dengan kepala tertunduk.	Wolfsburg	VfL Wolfsburg
252	Namun, hanya butuh 20 menit untuk Wolfsburg membuat Madrid pulang dengan kepala tertunduk.	Madrid	Real Madrid
299	Wujud Galaxy S III dalam bocoran ini tampak konsisten dengan trend desain Samsung selama ini.	Samsung	Samsung Electronics
1044	Yang penting pelayanan masyarakat bisa terjaga dan masyarakat jangan justru kecewa, masyarakat harus dijaga," tambah Pratikno.	Pratikno	None
121	Di atas kertas, Federer akan mudah melumat Davydenko.	Federer	Roger Federer
121	Di atas kertas, Federer akan mudah melumat Davydenko.	Davydenko	Nikolay Davydenko
793	Cipika-cipiki alias cium pipi kanan dan cium pipi kiri mewarnai pertemuan mantan Perdana Menteri (PM) Singapura Lee Kuan Yew dengan mantan Presiden Megawati Soekarnoputri.	Singapura	None
793	Cipika-cipiki alias cium pipi kanan dan cium pipi kiri mewarnai pertemuan mantan Perdana Menteri (PM) Singapura Lee Kuan Yew dengan mantan Presiden Megawati Soekarnoputri.	Lee Kuan Yew	None
793	Cipika-cipiki alias cium pipi kanan dan cium pipi kiri mewarnai pertemuan mantan Perdana Menteri (PM) Singapura Lee Kuan Yew dengan mantan Presiden Megawati Soekarnoputri.	Megawati Soekarnoputri	Megawati Soekarnoputri
1709	Kami tahu ini akan jadi sebuah laga yang sulit dan itulah yang kami dapatkan," ujar Zidane di situs resmi UEFA.	Zidane	None
1709	Kami tahu ini akan jadi sebuah laga yang sulit dan itulah yang kami dapatkan," ujar Zidane di situs resmi UEFA.	UEFA	Uni Eropa Sepak Bola Asosiasi
1341	Selama tujuh tahun bersama Klopp, Die Borussen meraih dua gelar Bundesliga, satu titel DFB-Pokal, dan dua gelar Piala Super Jerman.	Klopp	None
1341	Selama tujuh tahun bersama Klopp, Die Borussen meraih dua gelar Bundesliga, satu titel DFB-Pokal, dan dua gelar Piala Super Jerman.	Die Borussen	Borussia Dortmund
1341	Selama tujuh tahun bersama Klopp, Die Borussen meraih dua gelar Bundesliga, satu titel DFB-Pokal, dan dua gelar Piala Super Jerman.	Bundesliga	Liga Utama Jerman
1341	Selama tujuh tahun bersama Klopp, Die Borussen meraih dua gelar Bundesliga, satu titel DFB-Pokal, dan dua gelar Piala Super Jerman.	Jerman	Piala Super Jerman
110	Peluang terbaik Madrid muncul di menit ke-14 ketika Casemiro mengirim umpan kepada Karim Benzema yang berlari di antara garis pertahanan Wolfsburg.	Madrid	Real Madrid
110	Peluang terbaik Madrid muncul di menit ke-14 ketika Casemiro mengirim umpan kepada Karim Benzema yang berlari di antara garis pertahanan Wolfsburg.	Casemiro	None
110	Peluang terbaik Madrid muncul di menit ke-14 ketika Casemiro mengirim umpan kepada Karim Benzema yang berlari di antara garis pertahanan Wolfsburg.	Karim Benzema	Karim Benzema
110	Peluang terbaik Madrid muncul di menit ke-14 ketika Casemiro mengirim umpan kepada Karim Benzema yang berlari di antara garis pertahanan Wolfsburg.	Wolfsburg	VfL Wolfsburg
1880	"Ini pertama kali AS menjadi tuan rumah untuk AS-ASEAN dan ini mencerminkan komitmen pribadi saya, komitmen AS terhadap masing-masing negara dan kepada masyarakat ASEAN," kata Obama.	AS	Amerika Serikat
1880	"Ini pertama kali AS menjadi tuan rumah untuk AS-ASEAN dan ini mencerminkan komitmen pribadi saya, komitmen AS terhadap masing-masing negara dan kepada masyarakat ASEAN," kata Obama.	AS	Amerika Serikat
1880	"Ini pertama kali AS menjadi tuan rumah untuk AS-ASEAN dan ini mencerminkan komitmen pribadi saya, komitmen AS terhadap masing-masing negara dan kepada masyarakat ASEAN," kata Obama.	ASEAN	Association of Southeast Asian Nations
1880	"Ini pertama kali AS menjadi tuan rumah untuk AS-ASEAN dan ini mencerminkan komitmen pribadi saya, komitmen AS terhadap masing-masing negara dan kepada masyarakat ASEAN," kata Obama.	AS	Amerika Serikat
1880	"Ini pertama kali AS menjadi tuan rumah untuk AS-ASEAN dan ini mencerminkan komitmen pribadi saya, komitmen AS terhadap masing-masing negara dan kepada masyarakat ASEAN," kata Obama.	ASEAN	Association of Southeast Asian Nations
1880	"Ini pertama kali AS menjadi tuan rumah untuk AS-ASEAN dan ini mencerminkan komitmen pribadi saya, komitmen AS terhadap masing-masing negara dan kepada masyarakat ASEAN," kata Obama.	Obama	Barack Obama
1784	Bahkan, Hed mengatakan, sudah ada yang mengusulkan pihaknya membuat taman hiburan alias theme park ala Disneyland.	Disneyland	Disneyland Resort
1288	Sementara itu saat ditemui terpisah, Dirjen Perhubungan Udara Suprasetyo mengatakan kemungkinan Dwi ditolak lantaran tidak ada pendamping.	Perhubungan Udara	Direktorat Jenderal Perhubungan Udara
2104	Johan menyebut, salah satu upaya mengakomdir itu misal dengan meminta taksi online yaitu Grab Taksi dan Uber untuk memenuhi sejumlah syarat yang diharuskan Undang-undang.	Johan	None
2104	Johan menyebut, salah satu upaya mengakomdir itu misal dengan meminta taksi online yaitu Grab Taksi dan Uber untuk memenuhi sejumlah syarat yang diharuskan Undang-undang.	Grab	Grab Taxi
2104	Johan menyebut, salah satu upaya mengakomdir itu misal dengan meminta taksi online yaitu Grab Taksi dan Uber untuk memenuhi sejumlah syarat yang diharuskan Undang-undang.	Uber	Uber Technologies
565	Terutama mengenai langganan bulanan leased line channel untuk ruas Lemah Abang-Slipi (Jakarta-Excelcom) dan Lemah Abang-Imam Bonjol (Jakarta-Telkom) untuk tiga bulan ke depan yang sudah berakhir sejak 30 April 2004.	Lemah Abang	None
565	Terutama mengenai langganan bulanan leased line channel untuk ruas Lemah Abang-Slipi (Jakarta-Excelcom) dan Lemah Abang-Imam Bonjol (Jakarta-Telkom) untuk tiga bulan ke depan yang sudah berakhir sejak 30 April 2004.	Slipi	None
565	Terutama mengenai langganan bulanan leased line channel untuk ruas Lemah Abang-Slipi (Jakarta-Excelcom) dan Lemah Abang-Imam Bonjol (Jakarta-Telkom) untuk tiga bulan ke depan yang sudah berakhir sejak 30 April 2004.	Jakarta	Daerah Khusus Ibukota Jakarta
565	Terutama mengenai langganan bulanan leased line channel untuk ruas Lemah Abang-Slipi (Jakarta-Excelcom) dan Lemah Abang-Imam Bonjol (Jakarta-Telkom) untuk tiga bulan ke depan yang sudah berakhir sejak 30 April 2004.	Excelcom	None
565	Terutama mengenai langganan bulanan leased line channel untuk ruas Lemah Abang-Slipi (Jakarta-Excelcom) dan Lemah Abang-Imam Bonjol (Jakarta-Telkom) untuk tiga bulan ke depan yang sudah berakhir sejak 30 April 2004.	Lemah Abang	None
565	Terutama mengenai langganan bulanan leased line channel untuk ruas Lemah Abang-Slipi (Jakarta-Excelcom) dan Lemah Abang-Imam Bonjol (Jakarta-Telkom) untuk tiga bulan ke depan yang sudah berakhir sejak 30 April 2004.	Jakarta	Daerah Khusus Ibukota Jakarta
565	Terutama mengenai langganan bulanan leased line channel untuk ruas Lemah Abang-Slipi (Jakarta-Excelcom) dan Lemah Abang-Imam Bonjol (Jakarta-Telkom) untuk tiga bulan ke depan yang sudah berakhir sejak 30 April 2004.	Telkom	PT Telekomunikasi Indonesia
1091	Menteri Siti Nurbaya yang berada di Jakarta mengapresiasi capaian yang sudah dilakukan Risma dan Pemkot Surabaya terhadap kepedulian lingkungan.	Siti Nurbaya	None
1091	Menteri Siti Nurbaya yang berada di Jakarta mengapresiasi capaian yang sudah dilakukan Risma dan Pemkot Surabaya terhadap kepedulian lingkungan.	Jakarta	None
1091	Menteri Siti Nurbaya yang berada di Jakarta mengapresiasi capaian yang sudah dilakukan Risma dan Pemkot Surabaya terhadap kepedulian lingkungan.	Risma	None
1091	Menteri Siti Nurbaya yang berada di Jakarta mengapresiasi capaian yang sudah dilakukan Risma dan Pemkot Surabaya terhadap kepedulian lingkungan.	Pemkot Surabaya	Pemerintah Kota Surabaya
2107	Rapat Umum Pemegang Saham Luar Biasa (RUPSLB) Indofood mensahkan rancangan akuisisi tersebut dalam rapat yang berlangsung di Wisma Indocement, Jalan Sudirman, Jakarta, Selasa (23/10/2007).	Indofood	PT Indofood Sukses Makmur
2107	Rapat Umum Pemegang Saham Luar Biasa (RUPSLB) Indofood mensahkan rancangan akuisisi tersebut dalam rapat yang berlangsung di Wisma Indocement, Jalan Sudirman, Jakarta, Selasa (23/10/2007).	Wisma Indocement	Wisma Indocement Pudjiastuti 
2107	Rapat Umum Pemegang Saham Luar Biasa (RUPSLB) Indofood mensahkan rancangan akuisisi tersebut dalam rapat yang berlangsung di Wisma Indocement, Jalan Sudirman, Jakarta, Selasa (23/10/2007).	Jalan Sudirman	Jalan Sudirman
2107	Rapat Umum Pemegang Saham Luar Biasa (RUPSLB) Indofood mensahkan rancangan akuisisi tersebut dalam rapat yang berlangsung di Wisma Indocement, Jalan Sudirman, Jakarta, Selasa (23/10/2007).	Jakarta	Daerah Khusus Ibukota Jakarta
483	Selanjutnya, seperti yang sudah dituliskan di atas : Arnold kena getahnya, sementara Marcelo bebas dari hukuman.	Arnold	None
483	Selanjutnya, seperti yang sudah dituliskan di atas : Arnold kena getahnya, sementara Marcelo bebas dari hukuman.	Marcelo	None
421	Seperti dikutip detikINET dari Gizmodo, Senin (26/4/2010), ia melakukan tudingan kontroversial itu lewat bukunya berjudul Think Samsung.	detikINET	Detik
421	Seperti dikutip detikINET dari Gizmodo, Senin (26/4/2010), ia melakukan tudingan kontroversial itu lewat bukunya berjudul Think Samsung.	Gizmodo	None
421	Seperti dikutip detikINET dari Gizmodo, Senin (26/4/2010), ia melakukan tudingan kontroversial itu lewat bukunya berjudul Think Samsung.	Samsung	None
1899	Kami harus fokus pada hal itu dan melupakan soal tim-tim lain dan apakah mereka menang atau kalah," ujar Gabriel di situs resmi klub.	Gabriel	None
1927	Apa sikap Mega itu bisa disebut egois karena kadernya tidak ada yang jadi menteri?"	Mega	None
1085	Tapi saya katakan tadi sama Grab, Organda, dan Uber, dua menteri yang terlibat ini memiliki integritas yang baik," jelas Luhut dalam jumpa pers di Kemenko Polhukam, Jl Medan Merdeka Barat, Jakarta, Kamis (24/3/2016).	Grab	None
1085	Tapi saya katakan tadi sama Grab, Organda, dan Uber, dua menteri yang terlibat ini memiliki integritas yang baik," jelas Luhut dalam jumpa pers di Kemenko Polhukam, Jl Medan Merdeka Barat, Jakarta, Kamis (24/3/2016).	Organda	None
1085	Tapi saya katakan tadi sama Grab, Organda, dan Uber, dua menteri yang terlibat ini memiliki integritas yang baik," jelas Luhut dalam jumpa pers di Kemenko Polhukam, Jl Medan Merdeka Barat, Jakarta, Kamis (24/3/2016).	Uber	None
1085	Tapi saya katakan tadi sama Grab, Organda, dan Uber, dua menteri yang terlibat ini memiliki integritas yang baik," jelas Luhut dalam jumpa pers di Kemenko Polhukam, Jl Medan Merdeka Barat, Jakarta, Kamis (24/3/2016).	Luhut	None
1085	Tapi saya katakan tadi sama Grab, Organda, dan Uber, dua menteri yang terlibat ini memiliki integritas yang baik," jelas Luhut dalam jumpa pers di Kemenko Polhukam, Jl Medan Merdeka Barat, Jakarta, Kamis (24/3/2016).	Kemenko Polhukam	None
1085	Tapi saya katakan tadi sama Grab, Organda, dan Uber, dua menteri yang terlibat ini memiliki integritas yang baik," jelas Luhut dalam jumpa pers di Kemenko Polhukam, Jl Medan Merdeka Barat, Jakarta, Kamis (24/3/2016).	Jakarta	None
101	Stock pick untuk hari ini antara lain : Bank Central Asia (BCA), BoW Bank Rakyat Indonesia (BBRI), BoW Indofood Sukses Makmur (INDF), BoW (ang/ang) Bukan saja Telkom akan menjadi besar dan kapitalisasinya naik 300% dalam 5 tahun seperti diharapkannya, masyarakat Indonesia pun, yang mendapatkan layanan telekomunikasi murah dan berkualitas, bakal sangat berterima kasih kepadanya.	Bank Central Asia	Bank Sentral Asia
101	Stock pick untuk hari ini antara lain : Bank Central Asia (BCA), BoW Bank Rakyat Indonesia (BBRI), BoW Indofood Sukses Makmur (INDF), BoW (ang/ang) Bukan saja Telkom akan menjadi besar dan kapitalisasinya naik 300% dalam 5 tahun seperti diharapkannya, masyarakat Indonesia pun, yang mendapatkan layanan telekomunikasi murah dan berkualitas, bakal sangat berterima kasih kepadanya.	BCA	None
101	Stock pick untuk hari ini antara lain : Bank Central Asia (BCA), BoW Bank Rakyat Indonesia (BBRI), BoW Indofood Sukses Makmur (INDF), BoW (ang/ang) Bukan saja Telkom akan menjadi besar dan kapitalisasinya naik 300% dalam 5 tahun seperti diharapkannya, masyarakat Indonesia pun, yang mendapatkan layanan telekomunikasi murah dan berkualitas, bakal sangat berterima kasih kepadanya.	Bank Rakyat Indonesia	Bank Rakyat Indonesia Persero
101	Stock pick untuk hari ini antara lain : Bank Central Asia (BCA), BoW Bank Rakyat Indonesia (BBRI), BoW Indofood Sukses Makmur (INDF), BoW (ang/ang) Bukan saja Telkom akan menjadi besar dan kapitalisasinya naik 300% dalam 5 tahun seperti diharapkannya, masyarakat Indonesia pun, yang mendapatkan layanan telekomunikasi murah dan berkualitas, bakal sangat berterima kasih kepadanya.	BBRI	None
101	Stock pick untuk hari ini antara lain : Bank Central Asia (BCA), BoW Bank Rakyat Indonesia (BBRI), BoW Indofood Sukses Makmur (INDF), BoW (ang/ang) Bukan saja Telkom akan menjadi besar dan kapitalisasinya naik 300% dalam 5 tahun seperti diharapkannya, masyarakat Indonesia pun, yang mendapatkan layanan telekomunikasi murah dan berkualitas, bakal sangat berterima kasih kepadanya.	Indofood Sukses Makmur	PT Indofood Sukses Makmur
101	Stock pick untuk hari ini antara lain : Bank Central Asia (BCA), BoW Bank Rakyat Indonesia (BBRI), BoW Indofood Sukses Makmur (INDF), BoW (ang/ang) Bukan saja Telkom akan menjadi besar dan kapitalisasinya naik 300% dalam 5 tahun seperti diharapkannya, masyarakat Indonesia pun, yang mendapatkan layanan telekomunikasi murah dan berkualitas, bakal sangat berterima kasih kepadanya.	INDF	Indofood Sukses Makmur
101	Stock pick untuk hari ini antara lain : Bank Central Asia (BCA), BoW Bank Rakyat Indonesia (BBRI), BoW Indofood Sukses Makmur (INDF), BoW (ang/ang) Bukan saja Telkom akan menjadi besar dan kapitalisasinya naik 300% dalam 5 tahun seperti diharapkannya, masyarakat Indonesia pun, yang mendapatkan layanan telekomunikasi murah dan berkualitas, bakal sangat berterima kasih kepadanya.	Telkom	None
101	Stock pick untuk hari ini antara lain : Bank Central Asia (BCA), BoW Bank Rakyat Indonesia (BBRI), BoW Indofood Sukses Makmur (INDF), BoW (ang/ang) Bukan saja Telkom akan menjadi besar dan kapitalisasinya naik 300% dalam 5 tahun seperti diharapkannya, masyarakat Indonesia pun, yang mendapatkan layanan telekomunikasi murah dan berkualitas, bakal sangat berterima kasih kepadanya.	Indonesia	Republik Indonesia
1240	Direktur Keuangan Pertamina, Afdal Bahaudin, yang ditemui Kompas di sirkuitmengatakan, Pertamina akan terus mendukung Rio untuk teus meningkatkan prestasi di ajang balap.	Pertamina	Perusahaan Pertambangan Minyak dan Gas Bumi Negara
1240	Direktur Keuangan Pertamina, Afdal Bahaudin, yang ditemui Kompas di sirkuitmengatakan, Pertamina akan terus mendukung Rio untuk teus meningkatkan prestasi di ajang balap.	Kompas	None
1240	Direktur Keuangan Pertamina, Afdal Bahaudin, yang ditemui Kompas di sirkuitmengatakan, Pertamina akan terus mendukung Rio untuk teus meningkatkan prestasi di ajang balap.	Pertamina	Perusahaan Pertambangan Minyak dan Gas Bumi Negara
1240	Direktur Keuangan Pertamina, Afdal Bahaudin, yang ditemui Kompas di sirkuitmengatakan, Pertamina akan terus mendukung Rio untuk teus meningkatkan prestasi di ajang balap.	Rio	None
939	Menteri Rini ini menimbulkan pro dan kontra yang luas," kata Ketua DPP PDIP Hendrawan Supratikno, Senin (21/3).	Rini	None
939	Menteri Rini ini menimbulkan pro dan kontra yang luas," kata Ketua DPP PDIP Hendrawan Supratikno, Senin (21/3).	PDIP	Partai Demokrasi Indonesia Perjuangan
939	Menteri Rini ini menimbulkan pro dan kontra yang luas," kata Ketua DPP PDIP Hendrawan Supratikno, Senin (21/3).	Hendrawan Supratikno	Hendrawan Supratikno
998	Leicester City kian mantap di puncak klasemen Premier League usai menundukkan Sunderland 2-0 di Stadium of Light, Minggu (10/4/2016).	Leicester City	Leicester City Football Club
998	Leicester City kian mantap di puncak klasemen Premier League usai menundukkan Sunderland 2-0 di Stadium of Light, Minggu (10/4/2016).	Premier League	Liga Utama Inggris
998	Leicester City kian mantap di puncak klasemen Premier League usai menundukkan Sunderland 2-0 di Stadium of Light, Minggu (10/4/2016).	Sunderland	AFC Sunderland
998	Leicester City kian mantap di puncak klasemen Premier League usai menundukkan Sunderland 2-0 di Stadium of Light, Minggu (10/4/2016).	Stadium of Light	Stadion of Light
1394	Pada pertandingan ini, Thunder yang juga sudah lolos ke playoff mengistirahatkan pemain-pemain utamanya, termasuk Kevin Durant dan Russell Westbrook.	Thunder	None
1394	Pada pertandingan ini, Thunder yang juga sudah lolos ke playoff mengistirahatkan pemain-pemain utamanya, termasuk Kevin Durant dan Russell Westbrook.	Kevin Durant	Kevin Wayne Durant
1394	Pada pertandingan ini, Thunder yang juga sudah lolos ke playoff mengistirahatkan pemain-pemain utamanya, termasuk Kevin Durant dan Russell Westbrook.	Russell Westbrook	None
980	Di tengah-tengah perhatian dunia terhadap aktivitas Song Joong Ki sebagai bintang utama iklan dan sebagai Duta Kehormatan Pariwisata Korea, Korea Tourism Organization tentu saja akan mepromosikan lokasi syuting sebagai produk pariwisata dan akan melakukan promosi secara aktif di luar negeri bersama Song Joong Ki.	Song Joong Ki	Song Joong
980	Di tengah-tengah perhatian dunia terhadap aktivitas Song Joong Ki sebagai bintang utama iklan dan sebagai Duta Kehormatan Pariwisata Korea, Korea Tourism Organization tentu saja akan mepromosikan lokasi syuting sebagai produk pariwisata dan akan melakukan promosi secara aktif di luar negeri bersama Song Joong Ki.	Korea	Korea Selatan
980	Di tengah-tengah perhatian dunia terhadap aktivitas Song Joong Ki sebagai bintang utama iklan dan sebagai Duta Kehormatan Pariwisata Korea, Korea Tourism Organization tentu saja akan mepromosikan lokasi syuting sebagai produk pariwisata dan akan melakukan promosi secara aktif di luar negeri bersama Song Joong Ki.	Korea Tourism Organization	Organisasi Pariwisata Korea
980	Di tengah-tengah perhatian dunia terhadap aktivitas Song Joong Ki sebagai bintang utama iklan dan sebagai Duta Kehormatan Pariwisata Korea, Korea Tourism Organization tentu saja akan mepromosikan lokasi syuting sebagai produk pariwisata dan akan melakukan promosi secara aktif di luar negeri bersama Song Joong Ki.	Song Joong Ki	Song Joong
2106	Sebagai Bandara, lalu lintas ke dan dari Bandara HLP sudah sangat padat.	Bandara HLP	Hang Nadim Langit Perak
1553	Sebelumnya, capres yang diusung oleh Partai Demokrat dan beberapa partai peserta koalisi, Susilo Bambang Yudhoyono (SBY), menyindir janji Mega-Prabowo soal pertumbuhan ekonomi dua digit dianggap menjanjikan angin surga.	Partai Demokrat	Partai Demokrat Indonesia
1553	Sebelumnya, capres yang diusung oleh Partai Demokrat dan beberapa partai peserta koalisi, Susilo Bambang Yudhoyono (SBY), menyindir janji Mega-Prabowo soal pertumbuhan ekonomi dua digit dianggap menjanjikan angin surga.	Susilo Bambang Yudhoyono	None
1553	Sebelumnya, capres yang diusung oleh Partai Demokrat dan beberapa partai peserta koalisi, Susilo Bambang Yudhoyono (SBY), menyindir janji Mega-Prabowo soal pertumbuhan ekonomi dua digit dianggap menjanjikan angin surga.	SBY	Susilo Bambang Yudhoyono
1553	Sebelumnya, capres yang diusung oleh Partai Demokrat dan beberapa partai peserta koalisi, Susilo Bambang Yudhoyono (SBY), menyindir janji Mega-Prabowo soal pertumbuhan ekonomi dua digit dianggap menjanjikan angin surga.	Mega	None
1553	Sebelumnya, capres yang diusung oleh Partai Demokrat dan beberapa partai peserta koalisi, Susilo Bambang Yudhoyono (SBY), menyindir janji Mega-Prabowo soal pertumbuhan ekonomi dua digit dianggap menjanjikan angin surga.	Prabowo	Prabowo Subianto
57	Akom yang akan maju sebagai calon ketua umum Golkar itu juga tak mau berspekulasi bahwa Presiden akan merombak susunan kabinetnya usai munas partai berlambang pohon beringin itu.	Akom	None
57	Akom yang akan maju sebagai calon ketua umum Golkar itu juga tak mau berspekulasi bahwa Presiden akan merombak susunan kabinetnya usai munas partai berlambang pohon beringin itu.	Golkar	None
1293	Sekarang, kami harus menunjukkan kemampuan kami pada laga melawan Mainz di Bundesliga dan Madrid di leg kedua," kata Naldo.	Mainz	None
1293	Sekarang, kami harus menunjukkan kemampuan kami pada laga melawan Mainz di Bundesliga dan Madrid di leg kedua," kata Naldo.	Madrid	None
1293	Sekarang, kami harus menunjukkan kemampuan kami pada laga melawan Mainz di Bundesliga dan Madrid di leg kedua," kata Naldo.	Naldo	None
1761	Alasan lain, yaitu kebijakan Penyertaan Modal Negara (PMN) untuk BUMN yang menjadi kritikan untuk Rini.	BUMN	None
1761	Alasan lain, yaitu kebijakan Penyertaan Modal Negara (PMN) untuk BUMN yang menjadi kritikan untuk Rini.	Rini	None
1330	"Bu Mega tetap berkomitmen pemerintahan Ahok-Djarot berjalan dengan sebaik-baiknya, ini kedewasaan politik yang diterapkan Bu Mega,"Hasto menandaskan.	Mega	None
1330	"Bu Mega tetap berkomitmen pemerintahan Ahok-Djarot berjalan dengan sebaik-baiknya, ini kedewasaan politik yang diterapkan Bu Mega,"Hasto menandaskan.	Ahok	Basuki Tjahaja Purnama
1330	"Bu Mega tetap berkomitmen pemerintahan Ahok-Djarot berjalan dengan sebaik-baiknya, ini kedewasaan politik yang diterapkan Bu Mega,"Hasto menandaskan.	Djarot	None
1330	"Bu Mega tetap berkomitmen pemerintahan Ahok-Djarot berjalan dengan sebaik-baiknya, ini kedewasaan politik yang diterapkan Bu Mega,"Hasto menandaskan.	Mega	None
1330	"Bu Mega tetap berkomitmen pemerintahan Ahok-Djarot berjalan dengan sebaik-baiknya, ini kedewasaan politik yang diterapkan Bu Mega,"Hasto menandaskan.	Hasto	None
1132	Melawat ke Volkswagen Arena, Kamis (7/4/2016) dinihari WIB, pada leg pertama perempatfinal Liga Champions, Madrid sebenarnya tampil dominan sejak menit awal, Mereka punya 60 persen ball possesion serta membuat total 21 attempts.	Volkswagen Arena	Stadion Volkswagen Arena
1132	Melawat ke Volkswagen Arena, Kamis (7/4/2016) dinihari WIB, pada leg pertama perempatfinal Liga Champions, Madrid sebenarnya tampil dominan sejak menit awal, Mereka punya 60 persen ball possesion serta membuat total 21 attempts.	Madrid	Real Madrid
553	PKB sendiri melihat bahwa terhadap pihaknya, ada serangan untuk upaya penyingkiran kadernya, Marwan Jafar, dari posisi Menteri Desa dan Pembangunan Daerah Tertinggal dan Transmigrasi (PDTT).	PKB	Partai Keadilan Sejahtera
553	PKB sendiri melihat bahwa terhadap pihaknya, ada serangan untuk upaya penyingkiran kadernya, Marwan Jafar, dari posisi Menteri Desa dan Pembangunan Daerah Tertinggal dan Transmigrasi (PDTT).	Marwan Jafar	Marwan Jafar
1403	Anda tak boleh membuat kesalahan-kesalahan seperti ini saat melawan sebuah tim dengan kualitas ini," ujar Ibra kepada PSG TV.	Ibra	None
1403	Anda tak boleh membuat kesalahan-kesalahan seperti ini saat melawan sebuah tim dengan kualitas ini," ujar Ibra kepada PSG TV.	PSG	None
1455	Murray mengatasi Jeremy Chardy, sementara Federer menaklukkan Gael Monfils Bermain di lapangan Suzanne-Lenglen, Senin (1/6/2015) malam WIB, harus bermain empat set untuk menang dengan hasil akhir 6-4, 3-6, 6-3, dan 6-2.	Murray	None
1455	Murray mengatasi Jeremy Chardy, sementara Federer menaklukkan Gael Monfils Bermain di lapangan Suzanne-Lenglen, Senin (1/6/2015) malam WIB, harus bermain empat set untuk menang dengan hasil akhir 6-4, 3-6, 6-3, dan 6-2.	Jeremy Chardy	J
1455	Murray mengatasi Jeremy Chardy, sementara Federer menaklukkan Gael Monfils Bermain di lapangan Suzanne-Lenglen, Senin (1/6/2015) malam WIB, harus bermain empat set untuk menang dengan hasil akhir 6-4, 3-6, 6-3, dan 6-2.	Federer	None
1455	Murray mengatasi Jeremy Chardy, sementara Federer menaklukkan Gael Monfils Bermain di lapangan Suzanne-Lenglen, Senin (1/6/2015) malam WIB, harus bermain empat set untuk menang dengan hasil akhir 6-4, 3-6, 6-3, dan 6-2.	Gael Monfils	Gael Sebastien Monfils
1455	Murray mengatasi Jeremy Chardy, sementara Federer menaklukkan Gael Monfils Bermain di lapangan Suzanne-Lenglen, Senin (1/6/2015) malam WIB, harus bermain empat set untuk menang dengan hasil akhir 6-4, 3-6, 6-3, dan 6-2.	Suzanne-Lenglen	Stade Suzanne
687	Namun Mega dan mantan Presiden RI lainnya tidak ada yang datang ke Istana.	Mega	None
687	Namun Mega dan mantan Presiden RI lainnya tidak ada yang datang ke Istana.	RI	Republik Indonesia
1719	Memang Jokowi sebaiknya memberikan parpol baru untuk masuk ke dalam kabinet, tapi konsekuensinya mengurangi jatah parpol yang sudah ada," katanya.	Jokowi	Joko Widodo
1978	Wapres Boediono bersilaturahim ke kediaman mantan Presiden Megawati Soekarnoputri.	Boediono	Boediono Setiawan
1978	Wapres Boediono bersilaturahim ke kediaman mantan Presiden Megawati Soekarnoputri.	Megawati Soekarnoputri	Megawati Soekarnoputri
430	di final hari ini, Federer telah memenangi 76 dari 77 pertandingan terakhirnya di lapangan rumpur semenjak 2002.Terakhir saya mendapat pesanan jilbab dan baju gamis dari Yaman," ungkapnya.	Federer	None
430	di final hari ini, Federer telah memenangi 76 dari 77 pertandingan terakhirnya di lapangan rumpur semenjak 2002.Terakhir saya mendapat pesanan jilbab dan baju gamis dari Yaman," ungkapnya.	Yaman	None
1594	Mereka punya branch di Singapore, tapi all the moduls dari UK," tutur Rio saat diwawancara wartawan di Hotel Crowne Plaza, Milan, Italia, Jumat (5/9/2014) malam.	Singapore	Singapura
1594	Mereka punya branch di Singapore, tapi all the moduls dari UK," tutur Rio saat diwawancara wartawan di Hotel Crowne Plaza, Milan, Italia, Jumat (5/9/2014) malam.	UK	None
1594	Mereka punya branch di Singapore, tapi all the moduls dari UK," tutur Rio saat diwawancara wartawan di Hotel Crowne Plaza, Milan, Italia, Jumat (5/9/2014) malam.	Rio	None
1594	Mereka punya branch di Singapore, tapi all the moduls dari UK," tutur Rio saat diwawancara wartawan di Hotel Crowne Plaza, Milan, Italia, Jumat (5/9/2014) malam.	Milan	Milan
1594	Mereka punya branch di Singapore, tapi all the moduls dari UK," tutur Rio saat diwawancara wartawan di Hotel Crowne Plaza, Milan, Italia, Jumat (5/9/2014) malam.	Italia	Italia
1916	"Perekrutan dilakukan untuk memperkuat SDM Pos Indonesia sesuai dengan rencana bisnis yang akan dijalankan perusahaan," kata Direktur Utama PT Pos Indonesia, Gilarsi Wahju Setijono.	Pos Indonesia	None
1916	"Perekrutan dilakukan untuk memperkuat SDM Pos Indonesia sesuai dengan rencana bisnis yang akan dijalankan perusahaan," kata Direktur Utama PT Pos Indonesia, Gilarsi Wahju Setijono.	PT Pos Indonesia	Perusahaan Telekomunikasi Pos Indonesia
1090	Permukaannya cukup cepat dan Pete bermain bagus dan jarang membuat kesalahan," demikian penuturan Federer tentang lawan tandingnya itu seperti dikutip BBC.	Pete	None
1090	Permukaannya cukup cepat dan Pete bermain bagus dan jarang membuat kesalahan," demikian penuturan Federer tentang lawan tandingnya itu seperti dikutip BBC.	Federer	None
1090	Permukaannya cukup cepat dan Pete bermain bagus dan jarang membuat kesalahan," demikian penuturan Federer tentang lawan tandingnya itu seperti dikutip BBC.	BBC	None
1407	Nilai perdagangan saham Telkom sepanjang tahun 2005 sebesar Rp 24 triliun, naik dibandingkan tahun 2004 yang senilai Rp 23 triliun.	Telkom	None
1646	Hendrawan kemudian menyebut empat nama menteri yang posisinya dirasa kurang tepat.	Hendrawan	Hendrawan Supandji
486	Pesawat Batik Air tujuan Makassar sebelumnya bertabrakan dengan Pesawat ATR TransNusa sekitar pukul 20 WIB dan menyebabkan dua pesawat tersebut rusak.	Batik Air	Batik Air Indonesia
486	Pesawat Batik Air tujuan Makassar sebelumnya bertabrakan dengan Pesawat ATR TransNusa sekitar pukul 20 WIB dan menyebabkan dua pesawat tersebut rusak.	Makassar	Kota Makassar
486	Pesawat Batik Air tujuan Makassar sebelumnya bertabrakan dengan Pesawat ATR TransNusa sekitar pukul 20 WIB dan menyebabkan dua pesawat tersebut rusak.	TransNusa	None
1069	"Finnet dibentuk untuk menangkap peluang bisnis di bidang penyedia data keuangan dan jaringan perbankan," kata Kepala Unit Hubungan Investor Telkom, Rochiman Sukarno dalam penjelasan tertulis, Rabu (1/2/2006).	Telkom	PT Telekomunikasi Indonesia
1792	Pada pertemuan kedua yang akan digelar di kandang City pada pekan depan, mereka harus menang atau bermain seri dengan skor lebih besar daripada 2-2 untuk lolos ke semifinal.	City	None
1161	Sekjen PKB Abdul Kadir Karding, dalam siaran pers terpisah, menyebut selama ini Kemedes menjadi incaran dari banyak pihak termasuk dari partai politik.	PKB	Partai Keadilan Bung Karno
1161	Sekjen PKB Abdul Kadir Karding, dalam siaran pers terpisah, menyebut selama ini Kemedes menjadi incaran dari banyak pihak termasuk dari partai politik.	Abdul Kadir Karding	Abdul Kadir Karding
1161	Sekjen PKB Abdul Kadir Karding, dalam siaran pers terpisah, menyebut selama ini Kemedes menjadi incaran dari banyak pihak termasuk dari partai politik.	Kemedes	None
531	Federer pernah dua kali menjadi juara turnamen ATP berlevel masters di Kanada ini, baik baik ketika digelar di Montreal maupun Toronto, yakni di tahun 2004 dan 2006.	Federer	None
531	Federer pernah dua kali menjadi juara turnamen ATP berlevel masters di Kanada ini, baik baik ketika digelar di Montreal maupun Toronto, yakni di tahun 2004 dan 2006.	Kanada	None
531	Federer pernah dua kali menjadi juara turnamen ATP berlevel masters di Kanada ini, baik baik ketika digelar di Montreal maupun Toronto, yakni di tahun 2004 dan 2006.	Montreal	None
531	Federer pernah dua kali menjadi juara turnamen ATP berlevel masters di Kanada ini, baik baik ketika digelar di Montreal maupun Toronto, yakni di tahun 2004 dan 2006.	Toronto	None
428	Jembatan yang memutar dari Kenjeran menuju Kecamatan Bulak itu sudah bisa disaksikan dari Taman Hiburan Pantau (THP) Kenjeran.	Kenjeran	Kenjeran W
428	Jembatan yang memutar dari Kenjeran menuju Kecamatan Bulak itu sudah bisa disaksikan dari Taman Hiburan Pantau (THP) Kenjeran.	Kecamatan Bulak	Kecamatan Bulaksumur
428	Jembatan yang memutar dari Kenjeran menuju Kecamatan Bulak itu sudah bisa disaksikan dari Taman Hiburan Pantau (THP) Kenjeran.	Kenjeran	Kenjeran W
70	Itu juga dengan catatan mereka masih perlu berharap Leicester terpeleset.	Leicester	Leicester City F
369	saham unggulan yang melemah antara lain Telkom (TLKM), BTPN (BTPN), Inco (INCO), Bumi Resources (BUMI), Semen Gresik (SMGR), BRI (BBRI), Indofood (INDF) dan lain sebagainya.	Telkom	PT Telekomunikasi Indonesia
369	saham unggulan yang melemah antara lain Telkom (TLKM), BTPN (BTPN), Inco (INCO), Bumi Resources (BUMI), Semen Gresik (SMGR), BRI (BBRI), Indofood (INDF) dan lain sebagainya.	TLKM	Telekomunikasi Indonesia
369	saham unggulan yang melemah antara lain Telkom (TLKM), BTPN (BTPN), Inco (INCO), Bumi Resources (BUMI), Semen Gresik (SMGR), BRI (BBRI), Indofood (INDF) dan lain sebagainya.	BTPN	Bank Tabungan Pensiunan Nasional
369	saham unggulan yang melemah antara lain Telkom (TLKM), BTPN (BTPN), Inco (INCO), Bumi Resources (BUMI), Semen Gresik (SMGR), BRI (BBRI), Indofood (INDF) dan lain sebagainya.	BTPN	Bank Tabungan Pensiunan Nasional
369	saham unggulan yang melemah antara lain Telkom (TLKM), BTPN (BTPN), Inco (INCO), Bumi Resources (BUMI), Semen Gresik (SMGR), BRI (BBRI), Indofood (INDF) dan lain sebagainya.	Inco	PT International Nickel Indonesia
369	saham unggulan yang melemah antara lain Telkom (TLKM), BTPN (BTPN), Inco (INCO), Bumi Resources (BUMI), Semen Gresik (SMGR), BRI (BBRI), Indofood (INDF) dan lain sebagainya.	INCO	PT International Nickel Indonesia
369	saham unggulan yang melemah antara lain Telkom (TLKM), BTPN (BTPN), Inco (INCO), Bumi Resources (BUMI), Semen Gresik (SMGR), BRI (BBRI), Indofood (INDF) dan lain sebagainya.	Bumi Resources	PT Bumi Resources Tbk
369	saham unggulan yang melemah antara lain Telkom (TLKM), BTPN (BTPN), Inco (INCO), Bumi Resources (BUMI), Semen Gresik (SMGR), BRI (BBRI), Indofood (INDF) dan lain sebagainya.	BUMI	Bumi Resources
369	saham unggulan yang melemah antara lain Telkom (TLKM), BTPN (BTPN), Inco (INCO), Bumi Resources (BUMI), Semen Gresik (SMGR), BRI (BBRI), Indofood (INDF) dan lain sebagainya.	Semen Gresik	PT Semen Gresik
369	saham unggulan yang melemah antara lain Telkom (TLKM), BTPN (BTPN), Inco (INCO), Bumi Resources (BUMI), Semen Gresik (SMGR), BRI (BBRI), Indofood (INDF) dan lain sebagainya.	SMGR	Semen Gresik Raya
369	saham unggulan yang melemah antara lain Telkom (TLKM), BTPN (BTPN), Inco (INCO), Bumi Resources (BUMI), Semen Gresik (SMGR), BRI (BBRI), Indofood (INDF) dan lain sebagainya.	BRI	Bank Rakyat Indonesia
369	saham unggulan yang melemah antara lain Telkom (TLKM), BTPN (BTPN), Inco (INCO), Bumi Resources (BUMI), Semen Gresik (SMGR), BRI (BBRI), Indofood (INDF) dan lain sebagainya.	BBRI	Bank BRI
369	saham unggulan yang melemah antara lain Telkom (TLKM), BTPN (BTPN), Inco (INCO), Bumi Resources (BUMI), Semen Gresik (SMGR), BRI (BBRI), Indofood (INDF) dan lain sebagainya.	Indofood	PT Indofood Sukses Makmur
369	saham unggulan yang melemah antara lain Telkom (TLKM), BTPN (BTPN), Inco (INCO), Bumi Resources (BUMI), Semen Gresik (SMGR), BRI (BBRI), Indofood (INDF) dan lain sebagainya.	INDF	Indofood Sukses Makmur
1653	Dalam pengembangan pabrik tersebut, Samsung menggelontorkan investasi baru sejumlah USD 70 juta.	Samsung	Samsung Electronics
1933	London-Leicester City dapat tambahan dukungan dalam usaha menjuarai Premier League.	London	Kota London
1933	London-Leicester City dapat tambahan dukungan dalam usaha menjuarai Premier League.	Leicester City	Leicester City Football Club
520	"Surat itu, siapa saja boleh mengirim dan meminta," kata Pramono Anung di Gedung Sekretariat Negara, Jakarta Pusat, Rabu (6/4/2016).	Pramono Anung	Pramono Anung Wibowo
520	"Surat itu, siapa saja boleh mengirim dan meminta," kata Pramono Anung di Gedung Sekretariat Negara, Jakarta Pusat, Rabu (6/4/2016).	Jakarta Pusat	Daerah Khusus Ibukota Jakarta Pusat
669	PDIP menilai beberapa menteri kinerjanya kurang bagus sehingga layak diganti.	PDIP	Partai Demokrasi Indonesia Perjuangan
580	"Apa yang mesti kami lakukan adalah memastikan kami menang dengan keunggulan tiga gol," seru Bale.	Bale	Gareth Bale
1037	Kalau ada perkembangan baru, saya belum cek ke Presiden," ucap Johan.	Johan	None
248	Indosat melakukan penyajian ulang untuk kinerja tahun 2003 atas transaksi silang antara PT Indosat Tbk dan PT Telkom Tbk, dimana perseroan mencatatkan penerimaan dari pos luar biasa sebesar Rp 4,49 triliun.	Indosat	PT Indosat Tbk
248	Indosat melakukan penyajian ulang untuk kinerja tahun 2003 atas transaksi silang antara PT Indosat Tbk dan PT Telkom Tbk, dimana perseroan mencatatkan penerimaan dari pos luar biasa sebesar Rp 4,49 triliun.	PT Indosat Tbk	PT Indosat Tbk
248	Indosat melakukan penyajian ulang untuk kinerja tahun 2003 atas transaksi silang antara PT Indosat Tbk dan PT Telkom Tbk, dimana perseroan mencatatkan penerimaan dari pos luar biasa sebesar Rp 4,49 triliun.	PT Telkom Tbk	PT Telekomunikasi Indonesia Tbk
1357	Tak seperti Samsung dan HTC, sayangnya Asus belum menggunakan custom User Interace (UI) mereka sendiri, karena masih menggunakan tampilan orisinil OS Android Honeycomb 3.	Samsung	Samsung Electronics
1357	Tak seperti Samsung dan HTC, sayangnya Asus belum menggunakan custom User Interace (UI) mereka sendiri, karena masih menggunakan tampilan orisinil OS Android Honeycomb 3.	HTC	None
1357	Tak seperti Samsung dan HTC, sayangnya Asus belum menggunakan custom User Interace (UI) mereka sendiri, karena masih menggunakan tampilan orisinil OS Android Honeycomb 3.	Asus	AsusTek Computer Inc
1357	Tak seperti Samsung dan HTC, sayangnya Asus belum menggunakan custom User Interace (UI) mereka sendiri, karena masih menggunakan tampilan orisinil OS Android Honeycomb 3.	UI	User Interface
612	Ditambah dengan tiga minggu sebelumnya, total pendapatan film garapan Disney ini tak kurang dari US$ 72,3 juta.	Disney	None
671	Mereka yang kebanyakan ibu-ibu sudah berkumpul di Dermaga Biriosi, Sanggeng, Manokwari, Papua Barat.	Sanggeng	None
671	Mereka yang kebanyakan ibu-ibu sudah berkumpul di Dermaga Biriosi, Sanggeng, Manokwari, Papua Barat.	Manokwari	Kota Manokwari
671	Mereka yang kebanyakan ibu-ibu sudah berkumpul di Dermaga Biriosi, Sanggeng, Manokwari, Papua Barat.	Papua Barat	Provinsi Papua Barat
1362	Dalam laga yang bergulir di Parc des Princes dalam leg pertama perempatfinal Liga Champions, Kamis (7/4/2016) dinihari WIB, City membawa pulang hasil seri 2-2.	Parc des Princes	Stadion Parc des Princes
1362	Dalam laga yang bergulir di Parc des Princes dalam leg pertama perempatfinal Liga Champions, Kamis (7/4/2016) dinihari WIB, City membawa pulang hasil seri 2-2.	City	Manchester City
1603	Beberapa waktu lalu penyanyi remaja jebolan Disney ini memutuskan hengkang dari Twitter.	Disney	The Walt Disney Company
1603	Beberapa waktu lalu penyanyi remaja jebolan Disney ini memutuskan hengkang dari Twitter.	Twitter	Situs jejaring sosial
1804	Gubernur DKI Jakarta Basuki Tjahaja Poernama pada Kamis (24/3) mengatakan LRT di Jakarta akan mulai dibangun pada April 2016.	DKI Jakarta	Daerah Khusus Ibukota Jakarta
1804	Gubernur DKI Jakarta Basuki Tjahaja Poernama pada Kamis (24/3) mengatakan LRT di Jakarta akan mulai dibangun pada April 2016.	Basuki Tjahaja Poernama	Basuki Tjahaja Purnama
1804	Gubernur DKI Jakarta Basuki Tjahaja Poernama pada Kamis (24/3) mengatakan LRT di Jakarta akan mulai dibangun pada April 2016.	Jakarta	Daerah Khusus Ibukota Jakarta
708	Rencana Apple membesut iPhone murah juga sebagai upaya menandingi smartphone Android berharga murah, terutama pesaing ketatnya, Samsung.	Apple	None
708	Rencana Apple membesut iPhone murah juga sebagai upaya menandingi smartphone Android berharga murah, terutama pesaing ketatnya, Samsung.	iPhone	None
708	Rencana Apple membesut iPhone murah juga sebagai upaya menandingi smartphone Android berharga murah, terutama pesaing ketatnya, Samsung.	Android	None
708	Rencana Apple membesut iPhone murah juga sebagai upaya menandingi smartphone Android berharga murah, terutama pesaing ketatnya, Samsung.	Samsung	None
241	"Termasuk program-program berbasis IT yang digunakan Pemkot Surabaya juga diadopsi KPK," katanya.'" Hari Senin tanggal 21 Februari Tim Hukum DPP akan ke KPK untuk meminta keterangan dalam kaitan hal mana Ibu Megawati diminta untuk menjadi saksi ade charge," kata Ketua Departemen Hukum DPP PDIP, Gayus Lumbuun, kepada detikcom, Jumat (18/2/2011).	Surabaya	Kota Surabaya
241	"Termasuk program-program berbasis IT yang digunakan Pemkot Surabaya juga diadopsi KPK," katanya.'" Hari Senin tanggal 21 Februari Tim Hukum DPP akan ke KPK untuk meminta keterangan dalam kaitan hal mana Ibu Megawati diminta untuk menjadi saksi ade charge," kata Ketua Departemen Hukum DPP PDIP, Gayus Lumbuun, kepada detikcom, Jumat (18/2/2011).	KPK	Komisi Pemberantasan Korupsi
241	"Termasuk program-program berbasis IT yang digunakan Pemkot Surabaya juga diadopsi KPK," katanya.'" Hari Senin tanggal 21 Februari Tim Hukum DPP akan ke KPK untuk meminta keterangan dalam kaitan hal mana Ibu Megawati diminta untuk menjadi saksi ade charge," kata Ketua Departemen Hukum DPP PDIP, Gayus Lumbuun, kepada detikcom, Jumat (18/2/2011).	KPK	Komisi Pemberantasan Korupsi
241	"Termasuk program-program berbasis IT yang digunakan Pemkot Surabaya juga diadopsi KPK," katanya.'" Hari Senin tanggal 21 Februari Tim Hukum DPP akan ke KPK untuk meminta keterangan dalam kaitan hal mana Ibu Megawati diminta untuk menjadi saksi ade charge," kata Ketua Departemen Hukum DPP PDIP, Gayus Lumbuun, kepada detikcom, Jumat (18/2/2011).	Megawati	None
241	"Termasuk program-program berbasis IT yang digunakan Pemkot Surabaya juga diadopsi KPK," katanya.'" Hari Senin tanggal 21 Februari Tim Hukum DPP akan ke KPK untuk meminta keterangan dalam kaitan hal mana Ibu Megawati diminta untuk menjadi saksi ade charge," kata Ketua Departemen Hukum DPP PDIP, Gayus Lumbuun, kepada detikcom, Jumat (18/2/2011).	PDIP	Partai Demokrasi Indonesia Perjuangan
241	"Termasuk program-program berbasis IT yang digunakan Pemkot Surabaya juga diadopsi KPK," katanya.'" Hari Senin tanggal 21 Februari Tim Hukum DPP akan ke KPK untuk meminta keterangan dalam kaitan hal mana Ibu Megawati diminta untuk menjadi saksi ade charge," kata Ketua Departemen Hukum DPP PDIP, Gayus Lumbuun, kepada detikcom, Jumat (18/2/2011).	Gayus Lumbuun	Gayus Tambunan Lumbuun
241	"Termasuk program-program berbasis IT yang digunakan Pemkot Surabaya juga diadopsi KPK," katanya.'" Hari Senin tanggal 21 Februari Tim Hukum DPP akan ke KPK untuk meminta keterangan dalam kaitan hal mana Ibu Megawati diminta untuk menjadi saksi ade charge," kata Ketua Departemen Hukum DPP PDIP, Gayus Lumbuun, kepada detikcom, Jumat (18/2/2011).	detikcom	Detik
1005	Pertemuan terakhir di Taiwan Terbuka 2015 dimenang Kevin/Marcus dengan skor 21-19, 21-17.	Taiwan	Taiwan Terbuka
1005	Pertemuan terakhir di Taiwan Terbuka 2015 dimenang Kevin/Marcus dengan skor 21-19, 21-17.	Kevin	Kevin Sanjaya Sukamuljo
1005	Pertemuan terakhir di Taiwan Terbuka 2015 dimenang Kevin/Marcus dengan skor 21-19, 21-17.	Marcus	Kevin Sanjaya Sukamuljo
481	"Menkominfo dan Menhub akan duduk secara bersama membahas ini," kata Luhut.	Luhut	None
1914	Menurut ESPN, El Real menguasai 60 persen bola dengan menciptakan total 21 percobaan meski hanya tiga yang mengarah ke gawang.	ESPN	None
1914	Menurut ESPN, El Real menguasai 60 persen bola dengan menciptakan total 21 percobaan meski hanya tiga yang mengarah ke gawang.	El Real	None
1994	Kita kan bisa maju sendiri (ke Pilgub DKI), waktu kita enggak terburu-buru," kata Sekretaris DPD PDIP DKI Prasetio Edi Marsudi di Ruang Pers Balai Kota-DPRD DKI, Jl Kebon Sirih, Jakarta, Selasa (8/3/2016).	DKI	None
1994	Kita kan bisa maju sendiri (ke Pilgub DKI), waktu kita enggak terburu-buru," kata Sekretaris DPD PDIP DKI Prasetio Edi Marsudi di Ruang Pers Balai Kota-DPRD DKI, Jl Kebon Sirih, Jakarta, Selasa (8/3/2016).	PDIP	None
1994	Kita kan bisa maju sendiri (ke Pilgub DKI), waktu kita enggak terburu-buru," kata Sekretaris DPD PDIP DKI Prasetio Edi Marsudi di Ruang Pers Balai Kota-DPRD DKI, Jl Kebon Sirih, Jakarta, Selasa (8/3/2016).	DKI	None
1994	Kita kan bisa maju sendiri (ke Pilgub DKI), waktu kita enggak terburu-buru," kata Sekretaris DPD PDIP DKI Prasetio Edi Marsudi di Ruang Pers Balai Kota-DPRD DKI, Jl Kebon Sirih, Jakarta, Selasa (8/3/2016).	Prasetio Edi Marsudi	None
1994	Kita kan bisa maju sendiri (ke Pilgub DKI), waktu kita enggak terburu-buru," kata Sekretaris DPD PDIP DKI Prasetio Edi Marsudi di Ruang Pers Balai Kota-DPRD DKI, Jl Kebon Sirih, Jakarta, Selasa (8/3/2016).	Jakarta	Daerah Khusus Ibukota
322	Partai atau siapa pun tidak perlu menekan, mendikte, apalagi memaksa soal reshuffle ini," ungkap Daniel dalam perbincangan dengan detikcom, Senin (4/3) malam.	Daniel	None
322	Partai atau siapa pun tidak perlu menekan, mendikte, apalagi memaksa soal reshuffle ini," ungkap Daniel dalam perbincangan dengan detikcom, Senin (4/3) malam.	detikcom	None
1897	Ketua DPP PDIP Hendrawan Supratikno dengan gamblang menyoroti kinerja Menteri BUMN Rini Soemarno.	PDIP	Partai Demokrasi Indonesia Perjuangan
1897	Ketua DPP PDIP Hendrawan Supratikno dengan gamblang menyoroti kinerja Menteri BUMN Rini Soemarno.	Hendrawan Supratikno	Hendrawan Supratikno
1897	Ketua DPP PDIP Hendrawan Supratikno dengan gamblang menyoroti kinerja Menteri BUMN Rini Soemarno.	BUMN	None
1897	Ketua DPP PDIP Hendrawan Supratikno dengan gamblang menyoroti kinerja Menteri BUMN Rini Soemarno.	Rini Soemarno	None
870	Seperti diketahui, Soetrisno Bachir sendiri sebenarnya sudah masuk dalam jajaran pemerintahan meski bukan di tubuh Kabinet Kerja.	Soetrisno Bachir	None
870	Seperti diketahui, Soetrisno Bachir sendiri sebenarnya sudah masuk dalam jajaran pemerintahan meski bukan di tubuh Kabinet Kerja.	Kabinet Kerja	Kabinet Kerja Presiden Joko Widodo
213	Fernando lebih difungsikan sebagai penjaga kedalaman lini tengah di depan kotak penalti pertahanan Man City.	Fernando	None
213	Fernando lebih difungsikan sebagai penjaga kedalaman lini tengah di depan kotak penalti pertahanan Man City.	Man City	None
240	Ia menyerahkan apapun keputusannya kepada Jokowi, termasuk soal ada tidaknya kader PAN yang akan ditarik ke kabinet.	Jokowi	Joko Widodo
240	Ia menyerahkan apapun keputusannya kepada Jokowi, termasuk soal ada tidaknya kader PAN yang akan ditarik ke kabinet.	PAN	None
125	"Pertimbangan Presiden hadir atau tidak, akan mendengarkan masukan dari pembantu presiden dulu," kata Pramono.	Pramono	Pramono Edhie Wibowo
495	Di babak kedua, PSG sempat berbalik unggul setelah Adrien Rabiot menjebol gawang Hart di menit ke-59.	PSG	None
495	Di babak kedua, PSG sempat berbalik unggul setelah Adrien Rabiot menjebol gawang Hart di menit ke-59.	Adrien Rabiot	None
495	Di babak kedua, PSG sempat berbalik unggul setelah Adrien Rabiot menjebol gawang Hart di menit ke-59.	Hart	None
1121	Roger Federer tak menemui hambatan berarti di babak kedua turnamen Roma Masters.	Roger Federer	Roger Federer
1121	Roger Federer tak menemui hambatan berarti di babak kedua turnamen Roma Masters.	Roma	None
375	Kebijakan ini menurutnya justru tak menjamin kemandirian BUMN untuk negara.	BUMN	Badan Usaha Milik Negara
1122	Retno menerangkan Indonesia sangat senang dengan peningkatan signifikan kerja sama di bidang perdagangan bilateral antara RI dan Swiss.	Retno	None
1122	Retno menerangkan Indonesia sangat senang dengan peningkatan signifikan kerja sama di bidang perdagangan bilateral antara RI dan Swiss.	Indonesia	Republik Indonesia
1122	Retno menerangkan Indonesia sangat senang dengan peningkatan signifikan kerja sama di bidang perdagangan bilateral antara RI dan Swiss.	RI	None
1122	Retno menerangkan Indonesia sangat senang dengan peningkatan signifikan kerja sama di bidang perdagangan bilateral antara RI dan Swiss.	Swiss	None
830	Namun, Benaglio mampu mempersempit ruang tembak Ronaldo sehingga sepakan striker asal Portugal itu bisa ditepis olehnya.	Benaglio	None
830	Namun, Benaglio mampu mempersempit ruang tembak Ronaldo sehingga sepakan striker asal Portugal itu bisa ditepis olehnya.	Ronaldo	Cristiano Ronaldo
830	Namun, Benaglio mampu mempersempit ruang tembak Ronaldo sehingga sepakan striker asal Portugal itu bisa ditepis olehnya.	Portugal	Cristiano Ronaldo
351	"Saya senang dan apresiasi langkah pemerintah terutama Presiden Joko Widodo yang sudah merespons aspirasi kami.	Joko Widodo	Joko Widodo
417	Namun di sisi negatif, kewaspadaan harus ditingkatkan karena Indonesia makin dijadikan target penyebaran narkoba.	Indonesia	Republik Indonesia
1623	Sampai September 2004, Telkom mencatat peningkatan total aset menjadi Rp 56,115 triliun dibandingkan periode yang sama tahun lalu sebesar Rp 48,592 triliun.	Telkom	None
515	Dwikora Karnita dan Wakil Rektor Universitas Pecs Urusan Pendidikan Dr.Gyula Berke.	Dwikora Karnita	Dwikora Karnita Wiguna
515	Dwikora Karnita dan Wakil Rektor Universitas Pecs Urusan Pendidikan Dr.Gyula Berke.	Universitas Pecs	Universitas Pecs
635	Pertimbangan yang dimaksud Mulyawan, mempersiapkan diri supaya capres dari PDIP, Megawati Soekarnoputri tidak kalah kedua kalinya di pilpres 2009.	Mulyawan	None
635	Pertimbangan yang dimaksud Mulyawan, mempersiapkan diri supaya capres dari PDIP, Megawati Soekarnoputri tidak kalah kedua kalinya di pilpres 2009.	PDIP	None
635	Pertimbangan yang dimaksud Mulyawan, mempersiapkan diri supaya capres dari PDIP, Megawati Soekarnoputri tidak kalah kedua kalinya di pilpres 2009.	Megawati Soekarnoputri	Megawati Soekarnoputri
2110	Ia juga tak mau mengomentari soal kisruh antara PKB dan PDIP soal perebutan kursi menteri desa.	PKB	None
2110	Ia juga tak mau mengomentari soal kisruh antara PKB dan PDIP soal perebutan kursi menteri desa.	PDIP	None
1602	Kunjungan itu pun berakhir dengan pemahaman bahwa kolaborasi antara imajinasi dan teknologi yang digunakan Disney bukan hanya sudah berlari jauh ke depan, tapi telah menembus batas-batas imajinasi.	Disney	The Walt Disney Company
298	"Dan kita tidak tahu apakah rombongan dari Bandung itu sudah ke Surabaya atau tidak pada tanggal 18 hingga 20 Februari itu," katanya.	Bandung	Kota Bandung
298	"Dan kita tidak tahu apakah rombongan dari Bandung itu sudah ke Surabaya atau tidak pada tanggal 18 hingga 20 Februari itu," katanya.	Surabaya	Kota Surabaya
1685	Presiden Joko Widodo membuat dua keputusan strategis terkait pengembangan ekonomi di wilayah Suramadu.	Joko Widodo	Joko Widodo
1685	Presiden Joko Widodo membuat dua keputusan strategis terkait pengembangan ekonomi di wilayah Suramadu.	Suramadu	None
618	Disney Channel adalah sebuah stasiun tv yang menyajikan hiburan khusus untuk anak dan keluarga dari Walt Disney.	Disney Channel	Saluran Disney
618	Disney Channel adalah sebuah stasiun tv yang menyajikan hiburan khusus untuk anak dan keluarga dari Walt Disney.	Walt Disney	Walter Elias Disney
1989	"Kita pasti keberatan karena Surabaya masih membutuhkan beliau dan kita baru saja memenangkan Pilkada," ujar Whisnu kepada detikcom, Rabu (6/1/2016) malam.	Surabaya	Kota Surabaya
1989	"Kita pasti keberatan karena Surabaya masih membutuhkan beliau dan kita baru saja memenangkan Pilkada," ujar Whisnu kepada detikcom, Rabu (6/1/2016) malam.	Whisnu	None
1989	"Kita pasti keberatan karena Surabaya masih membutuhkan beliau dan kita baru saja memenangkan Pilkada," ujar Whisnu kepada detikcom, Rabu (6/1/2016) malam.	detikcom	Detik
1369	Yandri pun menyebut, tak pernah ada kontrak politik antara PAN dengan pemerintah saat menyatakan bergabung akhir tahun lalu.	Yandri	None
1369	Yandri pun menyebut, tak pernah ada kontrak politik antara PAN dengan pemerintah saat menyatakan bergabung akhir tahun lalu.	PAN	None
1457	"Untuk urusan meng-connect-kan, bukan Global Comm yang melakukan, itu wilayah Telkom," ujar Teguh Samudera.	Telkom	PT Telekomunikasi Indonesia
1457	"Untuk urusan meng-connect-kan, bukan Global Comm yang melakukan, itu wilayah Telkom," ujar Teguh Samudera.	Teguh Samudera	Teguh Samudera
1126	Pemerintah sebenarnya sudah menyatakan tidak akan membayar tebusan yang diminta kelompok garis keras Abu Sayyaf Pihak Telkom Divre II mengatakan, kasus-kasus seperti di atas banyak terjadi di Bogor, Jawa Barat dan belakangan merambat ke wilayah Jakarta Selatan.	Abu Sayyaf	None
1126	Pemerintah sebenarnya sudah menyatakan tidak akan membayar tebusan yang diminta kelompok garis keras Abu Sayyaf Pihak Telkom Divre II mengatakan, kasus-kasus seperti di atas banyak terjadi di Bogor, Jawa Barat dan belakangan merambat ke wilayah Jakarta Selatan.	Telkom	None
1126	Pemerintah sebenarnya sudah menyatakan tidak akan membayar tebusan yang diminta kelompok garis keras Abu Sayyaf Pihak Telkom Divre II mengatakan, kasus-kasus seperti di atas banyak terjadi di Bogor, Jawa Barat dan belakangan merambat ke wilayah Jakarta Selatan.	Bogor	Kota Bogor
1126	Pemerintah sebenarnya sudah menyatakan tidak akan membayar tebusan yang diminta kelompok garis keras Abu Sayyaf Pihak Telkom Divre II mengatakan, kasus-kasus seperti di atas banyak terjadi di Bogor, Jawa Barat dan belakangan merambat ke wilayah Jakarta Selatan.	Jawa Barat	Provinsi Jawa Barat
1126	Pemerintah sebenarnya sudah menyatakan tidak akan membayar tebusan yang diminta kelompok garis keras Abu Sayyaf Pihak Telkom Divre II mengatakan, kasus-kasus seperti di atas banyak terjadi di Bogor, Jawa Barat dan belakangan merambat ke wilayah Jakarta Selatan.	Jakarta Selatan	Kota Administrasi Jakarta Selatan
583	Menurut laman resmi TNGL, DiCaprio datang bersama dua aktor lain, yakni Adrien Brody dan Fisher Stevens, bersama sejumlah kru.	TNGL	None
583	Menurut laman resmi TNGL, DiCaprio datang bersama dua aktor lain, yakni Adrien Brody dan Fisher Stevens, bersama sejumlah kru.	DiCaprio	Leonardo DiCaprio
583	Menurut laman resmi TNGL, DiCaprio datang bersama dua aktor lain, yakni Adrien Brody dan Fisher Stevens, bersama sejumlah kru.	Adrien Brody	Adrien Brody
583	Menurut laman resmi TNGL, DiCaprio datang bersama dua aktor lain, yakni Adrien Brody dan Fisher Stevens, bersama sejumlah kru.	Fisher Stevens	None
695	Namun, lanjut Pramono, permintaan tersebut belum tentu bisa dikabulkan begitu saja.	Pramono	None
889	Jika Madrid membukakan pintu untuk kami, maka kami harus bisa menerobosnya," sambungnya.	Madrid	Madrid
1593	Tak hanya soal tarif bawah saja, sejumlah aturan yang menghambat taksi konvensional, juga disarankan dihapuskan agar persaingan dengan layanan berbasis aplikasi seperti Uber dan GrabCar bisa dilakukan.	Uber	None
1593	Tak hanya soal tarif bawah saja, sejumlah aturan yang menghambat taksi konvensional, juga disarankan dihapuskan agar persaingan dengan layanan berbasis aplikasi seperti Uber dan GrabCar bisa dilakukan.	GrabCar	GrabCar Indonesia
757	Team principal Ferrari, Maurizio Arrivabene, menolak menyerah meski timnya sekarang tertinggal cukup jauh.	Ferrari	None
757	Team principal Ferrari, Maurizio Arrivabene, menolak menyerah meski timnya sekarang tertinggal cukup jauh.	Maurizio Arrivabene	Maurizio Arrivabene
619	Tidak ada hanya Indofood, tapi juga ada Wings Group dan perusahaan-perusahaan lainnya.	Indofood	PT Indofood Sukses Makmur
619	Tidak ada hanya Indofood, tapi juga ada Wings Group dan perusahaan-perusahaan lainnya.	Wings Group	None
1587	Untuk itu Spurs bisa turut berharap pada beberapa mantan pemainnya.	Spurs	None
901	Meski termasuk veteran untuk ukuran striker, Ibra masih punya hasrat tinggi untuk bermain di kompetisi top Eropa.	Ibra	None
901	Meski termasuk veteran untuk ukuran striker, Ibra masih punya hasrat tinggi untuk bermain di kompetisi top Eropa.	Eropa	None
1759	Selama setahun terakhir ini, Rio dalam pengawasan Piers, yang pernah menjadi pembalap Formula 3 di Inggris.	Rio	None
1759	Selama setahun terakhir ini, Rio dalam pengawasan Piers, yang pernah menjadi pembalap Formula 3 di Inggris.	Inggris	None
2029	Selanjutnya para tersangka dan barang bukti diserahkan kepada Polri dan Badan Narkotika Nasional (BNN) guna penyidikan dan pengembangan kasus lebih lanjut.	Polri	None
2029	Selanjutnya para tersangka dan barang bukti diserahkan kepada Polri dan Badan Narkotika Nasional (BNN) guna penyidikan dan pengembangan kasus lebih lanjut.	Badan Narkotika Nasional	Badan Narkotika Nasional
2029	Selanjutnya para tersangka dan barang bukti diserahkan kepada Polri dan Badan Narkotika Nasional (BNN) guna penyidikan dan pengembangan kasus lebih lanjut.	BNN	None
97	Menurut Laks, status multi-listing bagi Telkom penting dalam rangka menjaga citra perseroan, walaupun sebetulnya saham Telkom bisa diserap investor lokal.	Laks	None
97	Menurut Laks, status multi-listing bagi Telkom penting dalam rangka menjaga citra perseroan, walaupun sebetulnya saham Telkom bisa diserap investor lokal.	Telkom	None
97	Menurut Laks, status multi-listing bagi Telkom penting dalam rangka menjaga citra perseroan, walaupun sebetulnya saham Telkom bisa diserap investor lokal.	Telkom	None
2085	PT Indofood Sukses Makmur Internasional Tbk (INDF) akan membagikan dividen tahun buku 2006 sebesar Rp 31 per saham atau total Rp 264,36 miliar.	PT Indofood Sukses Makmur Internasional Tbk	None
2085	PT Indofood Sukses Makmur Internasional Tbk (INDF) akan membagikan dividen tahun buku 2006 sebesar Rp 31 per saham atau total Rp 264,36 miliar.	INDF	None
813	Beberapa hasil mengecewakan yang didapat Inter antara lain dikalahkan Sassuolo 0-1, ditahan imbang tim papan bawah Carpi 1-1, digebuk AC Milan 0-3, bermain imbang 3-3 dengan tim juru kunci Hellas Verona, dikalahkan Juventus 0-2, dan dipecundangi Torino 1 2.	Inter	Inter Milan
813	Beberapa hasil mengecewakan yang didapat Inter antara lain dikalahkan Sassuolo 0-1, ditahan imbang tim papan bawah Carpi 1-1, digebuk AC Milan 0-3, bermain imbang 3-3 dengan tim juru kunci Hellas Verona, dikalahkan Juventus 0-2, dan dipecundangi Torino 1 2.	Sassuolo	U
813	Beberapa hasil mengecewakan yang didapat Inter antara lain dikalahkan Sassuolo 0-1, ditahan imbang tim papan bawah Carpi 1-1, digebuk AC Milan 0-3, bermain imbang 3-3 dengan tim juru kunci Hellas Verona, dikalahkan Juventus 0-2, dan dipecundangi Torino 1 2.	Carpi	Carpi FC
813	Beberapa hasil mengecewakan yang didapat Inter antara lain dikalahkan Sassuolo 0-1, ditahan imbang tim papan bawah Carpi 1-1, digebuk AC Milan 0-3, bermain imbang 3-3 dengan tim juru kunci Hellas Verona, dikalahkan Juventus 0-2, dan dipecundangi Torino 1 2.	AC Milan	Associazione Calcio Milan
813	Beberapa hasil mengecewakan yang didapat Inter antara lain dikalahkan Sassuolo 0-1, ditahan imbang tim papan bawah Carpi 1-1, digebuk AC Milan 0-3, bermain imbang 3-3 dengan tim juru kunci Hellas Verona, dikalahkan Juventus 0-2, dan dipecundangi Torino 1 2.	Hellas Verona	Hellas Verona FC
813	Beberapa hasil mengecewakan yang didapat Inter antara lain dikalahkan Sassuolo 0-1, ditahan imbang tim papan bawah Carpi 1-1, digebuk AC Milan 0-3, bermain imbang 3-3 dengan tim juru kunci Hellas Verona, dikalahkan Juventus 0-2, dan dipecundangi Torino 1 2.	Juventus	Juventus FC
813	Beberapa hasil mengecewakan yang didapat Inter antara lain dikalahkan Sassuolo 0-1, ditahan imbang tim papan bawah Carpi 1-1, digebuk AC Milan 0-3, bermain imbang 3-3 dengan tim juru kunci Hellas Verona, dikalahkan Juventus 0-2, dan dipecundangi Torino 1 2.	Torino	Torino FC
1790	Rio Haryanto dijadwalkan bertolak ke Malaysia (dari Jakarta) pada Rabu (20/3) kemudian pada Jumat (22/3) mengikuti babak kualifikasi untuk menentukan nomor star dan mulai Sabtu (23/3) menjalani perlombaan secara resmi.	Rio Haryanto	None
1790	Rio Haryanto dijadwalkan bertolak ke Malaysia (dari Jakarta) pada Rabu (20/3) kemudian pada Jumat (22/3) mengikuti babak kualifikasi untuk menentukan nomor star dan mulai Sabtu (23/3) menjalani perlombaan secara resmi.	Malaysia	Negara Malaysia
1790	Rio Haryanto dijadwalkan bertolak ke Malaysia (dari Jakarta) pada Rabu (20/3) kemudian pada Jumat (22/3) mengikuti babak kualifikasi untuk menentukan nomor star dan mulai Sabtu (23/3) menjalani perlombaan secara resmi.	Jakarta	Daerah Khusus Ibukota Jakarta
189	Gol Ibrahimovic itu tercipta lantaran buruknya first touch Fernando ketika menerima operan dari Joe Hart.	Ibrahimovic	None
189	Gol Ibrahimovic itu tercipta lantaran buruknya first touch Fernando ketika menerima operan dari Joe Hart.	Fernando	Fernando Torres
189	Gol Ibrahimovic itu tercipta lantaran buruknya first touch Fernando ketika menerima operan dari Joe Hart.	Joe Hart	Joe Hart
1454	Menteri Pendidikan dan Kebudayaan (Mendikbud) Anies Baswedan mengatakan, distribusi soal Ujian Nasional (UN) dan persiapan Ujian Nasional Berbasis Komputer (UNBK) sudah 100 persen selesai.	Anies Baswedan	Anies Rasyid Baswedan
904	Di Tobelo, Jokowi meresmikan pembangunan 5 pelabuhan di wilayah Maluku.	Tobelo	Kota Tobelo
904	Di Tobelo, Jokowi meresmikan pembangunan 5 pelabuhan di wilayah Maluku.	Jokowi	Joko Widodo
904	Di Tobelo, Jokowi meresmikan pembangunan 5 pelabuhan di wilayah Maluku.	Maluku	Provinsi Maluku