sent_id	mention	sentence	mention expansion
597	BUMN	Tapi kita juga punya kemampuan," tandas mantan Menteri Pemberdayaan BUMN ini.	Badan Usaha Milik Negara
423	Surabaya	Battle of Surabaya bakal tercatat dalam buku sejarah sebagai film (panjang) animasi 2D yang pertama ditayangkan di bioskop, dan konon kabarnya bakal tayang pula di sejumlah negara lain berkat jalur distribusi dari Disney.	Kota Surabaya
423	Disney	Battle of Surabaya bakal tercatat dalam buku sejarah sebagai film (panjang) animasi 2D yang pertama ditayangkan di bioskop, dan konon kabarnya bakal tayang pula di sejumlah negara lain berkat jalur distribusi dari Disney.	Walt Disney Pictures
290	Anthoni	Dijelaskan Anthoni, dalam rangka menekan kerugian akibat kurs, Indofood juga tetap mempertahankan hedging policy-nya, dimana per 30 Juni 2004 memiliki kontrak lindung nilai Principal Only Swap (POS) sebesar US $ 250 juta.	Anthoni
290	Indofood	Dijelaskan Anthoni, dalam rangka menekan kerugian akibat kurs, Indofood juga tetap mempertahankan hedging policy-nya, dimana per 30 Juni 2004 memiliki kontrak lindung nilai Principal Only Swap (POS) sebesar US $ 250 juta.	PT Indofood Sukses Makmur
197	Jokowi	Ya, kami hargai karena itu prerogatif Jokowi sebagai Presiden," sebutnya.	Joko Widodo
747	Mega	Mega mengenakan kain kebaya merah lengan panjang dan kain songket merah, dan Prabowo mengenakan safari krem lengan pendek.	Mega Tjahyono
747	Prabowo	Mega mengenakan kain kebaya merah lengan panjang dan kain songket merah, dan Prabowo mengenakan safari krem lengan pendek.	Prabowo Subianto
858	Anies Baswedan	Menteri Pendidikan dan Kebudayaan Anies Baswedan mencanangkan kebijakan baru untuk jajaran di kantornya.	Anies Baswedan
1611	Inter	Hingga pekan ke-18, awal Januari lalu, Inter masih berada di posisi teratas klasemen.	Internazionale
1630	Risma	Ikut mendampingi Risma, di antaranya adalah Kepala Dinas Pekerjaan Umum Bina Marga dan Pematusan Erna Purnawati dan Camat Bulak Suprayitno.	Risma
1630	Bulak	Ikut mendampingi Risma, di antaranya adalah Kepala Dinas Pekerjaan Umum Bina Marga dan Pematusan Erna Purnawati dan Camat Bulak Suprayitno.	Kecamatan Bulak
1630	Suprayitno	Ikut mendampingi Risma, di antaranya adalah Kepala Dinas Pekerjaan Umum Bina Marga dan Pematusan Erna Purnawati dan Camat Bulak Suprayitno.	Camat Bulak Suprayit
1001	Android	Jika Android dipercaya untuk menggarap 50% ponsel pintar anyar Samsung, maka Bada hanya 33%.	Android is an operating
1001	Samsung	Jika Android dipercaya untuk menggarap 50% ponsel pintar anyar Samsung, maka Bada hanya 33%.	Samsung Electronics
1345	Microsoft	Seperti misteri ponsel Zune dan sistem operasi Windows Mobile 7 besutan Microsoft hingga menanti gertakan Bada, OS jagoan Samsung.	Microsoft Corporation
1345	Samsung	Seperti misteri ponsel Zune dan sistem operasi Windows Mobile 7 besutan Microsoft hingga menanti gertakan Bada, OS jagoan Samsung.	Samsung
1681	Jokowi	Memang dalam agenda kunjungan Jokowi ke Ambon, tidak ada jadwal mengunjungi pusat perbelanjaan.	Joko Widodo
1681	Ambon	Memang dalam agenda kunjungan Jokowi ke Ambon, tidak ada jadwal mengunjungi pusat perbelanjaan.	Kota Ambon
1577	PSG	Dua gol PSG dicetak oleh Ibra dan Adrien Rabiot, sementara dua gol City tercatat atas nama Kevin De Bruyne dan Fernandinho.	Paris Saint
1577	Ibra	Dua gol PSG dicetak oleh Ibra dan Adrien Rabiot, sementara dua gol City tercatat atas nama Kevin De Bruyne dan Fernandinho.	Ibra
1577	Adrien Rabiot	Dua gol PSG dicetak oleh Ibra dan Adrien Rabiot, sementara dua gol City tercatat atas nama Kevin De Bruyne dan Fernandinho.	Adrien Rabiot
1577	City	Dua gol PSG dicetak oleh Ibra dan Adrien Rabiot, sementara dua gol City tercatat atas nama Kevin De Bruyne dan Fernandinho.	Manchester City
1577	Kevin De Bruyne	Dua gol PSG dicetak oleh Ibra dan Adrien Rabiot, sementara dua gol City tercatat atas nama Kevin De Bruyne dan Fernandinho.	Kevin De Bruyne
1577	Fernandinho	Dua gol PSG dicetak oleh Ibra dan Adrien Rabiot, sementara dua gol City tercatat atas nama Kevin De Bruyne dan Fernandinho.	Fernando Luiz Roza
2050	Ignasius Jonan	Sebelumnya, Menhub Ignasius Jonan juga menerangkan persoalan sebenarnya bukan pada penenerapan aplikasi atau tidak, tapi sarana transportasi yang digunakan.	Ignasius Jonan
71	Apple	Seperti diketahui, Apple dan Samsung saling menggugat di sejumlah negara.	Apple
71	Samsung	Seperti diketahui, Apple dan Samsung saling menggugat di sejumlah negara.	Samsung Electronics
1138	Telkom	Telkom memperkirakan ada 850 ribu pelanggan Flexi yang menggunakan handset 1900 Megahertz.	PT Telekomunikasi Indonesia
1513	Yasonna Laoly	Menteri Hukum dan HAM Yasonna Laoly meminta tambahan anggaran untuk membangun lembaga pemasyarakatan (lapas).	Yasonna Hamonangan Laoly
737	Lee Yong Dae	Dari nomor ganda putra, Lee Yong Dae/Yoo Yeon Seong (Korsel) memenangi laga final melawan Li Junhui/Liu Yuchen (China).	Lee Yong
737	Yoo Yeon Seong	Dari nomor ganda putra, Lee Yong Dae/Yoo Yeon Seong (Korsel) memenangi laga final melawan Li Junhui/Liu Yuchen (China).	Yoo Yeon
737	Korsel	Dari nomor ganda putra, Lee Yong Dae/Yoo Yeon Seong (Korsel) memenangi laga final melawan Li Junhui/Liu Yuchen (China).	Korsel
737	Li Junhui	Dari nomor ganda putra, Lee Yong Dae/Yoo Yeon Seong (Korsel) memenangi laga final melawan Li Junhui/Liu Yuchen (China).	Li Junhui
737	Liu Yuchen	Dari nomor ganda putra, Lee Yong Dae/Yoo Yeon Seong (Korsel) memenangi laga final melawan Li Junhui/Liu Yuchen (China).	Liu Yuchen
737	China	Dari nomor ganda putra, Lee Yong Dae/Yoo Yeon Seong (Korsel) memenangi laga final melawan Li Junhui/Liu Yuchen (China).	China Tiongkok
1279	DKI Jakarta	Rencananya rangkaian acara itu akan digelar hari ini, Minggu (13/3) bersama Gubernur DKI Jakarta, Basuki Tjahaja Purnama atau Ahok.	Daerah Khusus Ibukota Jakarta
1279	Basuki Tjahaja Purnama	Rencananya rangkaian acara itu akan digelar hari ini, Minggu (13/3) bersama Gubernur DKI Jakarta, Basuki Tjahaja Purnama atau Ahok.	Basuki Tjahaja Purnama
1279	Ahok	Rencananya rangkaian acara itu akan digelar hari ini, Minggu (13/3) bersama Gubernur DKI Jakarta, Basuki Tjahaja Purnama atau Ahok.	Ahok
786	Badrodin	Jenderal Badrodin menghadiri pemakaman 13 prajurit TNI yang gugur dalam kecelakaan jatuhnya helikopter di Poso, Sulawesi Tengah.	Jenderal Badrodin Haiti
786	TNI	Jenderal Badrodin menghadiri pemakaman 13 prajurit TNI yang gugur dalam kecelakaan jatuhnya helikopter di Poso, Sulawesi Tengah.	TNI
786	Poso	Jenderal Badrodin menghadiri pemakaman 13 prajurit TNI yang gugur dalam kecelakaan jatuhnya helikopter di Poso, Sulawesi Tengah.	Poso
786	Sulawesi Tengah	Jenderal Badrodin menghadiri pemakaman 13 prajurit TNI yang gugur dalam kecelakaan jatuhnya helikopter di Poso, Sulawesi Tengah.	Provinsi Sulawesi Tengah
325	PDIP	PDIP sebelumnya mengirim sinyal kuat menginginkan sejumlah kursi menteri digeser.	Partai Demokrasi Indonesia Perjuangan
1992	Morga	Tapi semangat dan dukungan dari kawan-kawannya itu tak bisa terus menyalakan semangat di dada Morga.	Morga
212	Saleh	Menurut Saleh, kalangan industri juga tidak bermasalah dengan lokasi Patimban, meskipun sebelumnya direncanakan adalah Cilamaya, Karawang, yang lebih dekat.	Saleh Misbach
212	Patimban	Menurut Saleh, kalangan industri juga tidak bermasalah dengan lokasi Patimban, meskipun sebelumnya direncanakan adalah Cilamaya, Karawang, yang lebih dekat.	Patimban
212	Cilamaya	Menurut Saleh, kalangan industri juga tidak bermasalah dengan lokasi Patimban, meskipun sebelumnya direncanakan adalah Cilamaya, Karawang, yang lebih dekat.	Cilamaya
212	Karawang	Menurut Saleh, kalangan industri juga tidak bermasalah dengan lokasi Patimban, meskipun sebelumnya direncanakan adalah Cilamaya, Karawang, yang lebih dekat.	Karawang
1048	Korea	Selama ini iklan promosi pariwisata Korea telah memperlihatkan daya tarik wisata yang berbeda setiap tahunnya, salah satunya yang dibintangi oleh bintang Korean Wave, Lee Min Ho.	Korea Selatan
1048	Lee Min Ho	Selama ini iklan promosi pariwisata Korea telah memperlihatkan daya tarik wisata yang berbeda setiap tahunnya, salah satunya yang dibintangi oleh bintang Korean Wave, Lee Min Ho.	Lee Min
1342	Soeharto	Puluhan orang dikabarkan hilang dan ratusa lainnya luka-luka dalam aksi yang berpangkal dari intervensi pemerintahan Soeharto terhadap pengangkatan Megawati Soekarnoputri sebagai Ketum DPP PDI.	Soeharto
1342	Megawati Soekarnoputri	Puluhan orang dikabarkan hilang dan ratusa lainnya luka-luka dalam aksi yang berpangkal dari intervensi pemerintahan Soeharto terhadap pengangkatan Megawati Soekarnoputri sebagai Ketum DPP PDI.	Megawati Soekarnoputri
1342	PDI	Puluhan orang dikabarkan hilang dan ratusa lainnya luka-luka dalam aksi yang berpangkal dari intervensi pemerintahan Soeharto terhadap pengangkatan Megawati Soekarnoputri sebagai Ketum DPP PDI.	Partai Demokrasi Indonesia
1834	Wolfsburg	Wolfsburg-Real Madrid tunduk 0-2 ketika bertamu ke markas Wolfsburg, Kamis (7/4/2016) dini hari WIB, menguak sebuah catatan buruk tersendiri untuk kubu El Real.	VfL Wolfsburg
1834	Real Madrid	Wolfsburg-Real Madrid tunduk 0-2 ketika bertamu ke markas Wolfsburg, Kamis (7/4/2016) dini hari WIB, menguak sebuah catatan buruk tersendiri untuk kubu El Real.	Real Madrid Club de F
1834	Wolfsburg	Wolfsburg-Real Madrid tunduk 0-2 ketika bertamu ke markas Wolfsburg, Kamis (7/4/2016) dini hari WIB, menguak sebuah catatan buruk tersendiri untuk kubu El Real.	VfL Wolfsburg
1834	El Real	Wolfsburg-Real Madrid tunduk 0-2 ketika bertamu ke markas Wolfsburg, Kamis (7/4/2016) dini hari WIB, menguak sebuah catatan buruk tersendiri untuk kubu El Real.	Real Madrid
1693	Klopp	Menghadapi mantan klub tak akan jadi alasan bagi Klopp untuk menahan emosinya.	Klopp
963	DPR	"Karena itu pimpinan DPR mengimbau kepada pimpinan Alat Kelengkapan Dewan dan anggota dewan yang terlibat dalam pembahasan RUU memprioritaskan kualitas UU tersebut," imbuh politisi Golkar itu.	Dewan Perwakilan Rakyat
963	Golkar	"Karena itu pimpinan DPR mengimbau kepada pimpinan Alat Kelengkapan Dewan dan anggota dewan yang terlibat dalam pembahasan RUU memprioritaskan kualitas UU tersebut," imbuh politisi Golkar itu.	Golongan Karya
1837	Christian Eriksen	Sejak membuat debut Premier League pada September 2013, Christian Eriksen sudah menciptakan 250 peluang bikin gol untuk rekan-rekan satu timnya, sebuah pencapaian yang cuma dilewati Mesut Oezil (266) dalam kurun waktu sama.	Christian Eriksen
1837	Mesut Oezil	Sejak membuat debut Premier League pada September 2013, Christian Eriksen sudah menciptakan 250 peluang bikin gol untuk rekan-rekan satu timnya, sebuah pencapaian yang cuma dilewati Mesut Oezil (266) dalam kurun waktu sama.	Mesut Oezil
789	City	City sebenarnya juga membuat kesalahan fatal yang berujung gol lawan.	City
409	Pulau Mataking	Pada 3 April pasukan Keselamatan Pantai Timur Sabah menemukan Anand 12, tongkang isi batubara yang sempat dibawa kelompok penyandera di sekitar 15 mil dari Pulau Mataking.	Pulau Mataking
255	Murray	Sebagai catatan, di dua laga tersebut Murray selalu kalah atas Roger Federer.	Murray
255	Roger Federer	Sebagai catatan, di dua laga tersebut Murray selalu kalah atas Roger Federer.	Roger Federer
1314	Pellegrini	Kalau kami sudah lolos dan memastikan kalau kami cetak sejarah barulah kita bicarakan hal itu," tutur Pellegrini.	Pellegrini
631	Risma	Usai memberikan pesan perdana di Pesta Rakyat, Risma-Whisnu ikut mencoba kuliner yang disediakan.	Risma
631	Whisnu	Usai memberikan pesan perdana di Pesta Rakyat, Risma-Whisnu ikut mencoba kuliner yang disediakan.	Whisnu
1999	Walt Disney	Inilah yang kini tengah terjadi antara Walt Disney dengan pemilik toko pakaian yang di Berkshire, Inggris, Joker ' s Masquerade.	Walt Disney Company
1999	Inggris	Inilah yang kini tengah terjadi antara Walt Disney dengan pemilik toko pakaian yang di Berkshire, Inggris, Joker ' s Masquerade.	Inggris
487	Twitter	Namun melalui akun Twitter, Samsung kembali membeberkan petunjuk soal Galaxy S III.	Situs jejaring sosial
487	Samsung	Namun melalui akun Twitter, Samsung kembali membeberkan petunjuk soal Galaxy S III.	Samsung
555	Samsung	Dengan bekal beberapa produk tablet sekaligus, Samsung agaknya serius menghadapi tantangan besar di pasar tablet.	Samsung Electronics
999	Selat Bali	Dan sangat disayangkan jika hal ini tersendat gara-gara antrean ataupun kemacetan yang terjadi di Selat Bali.	Selat Bali Strait
238	Jakarta	Sebelum kembali ke Jakarta, Jokowi sempat meninjau Museum Trikora di Morotai yang mangkrak dan membagikan bantuan di Kabupaten Halmahera Utara.	Jakarta
238	Jokowi	Sebelum kembali ke Jakarta, Jokowi sempat meninjau Museum Trikora di Morotai yang mangkrak dan membagikan bantuan di Kabupaten Halmahera Utara.	Joko Widodo
238	Museum Trikora	Sebelum kembali ke Jakarta, Jokowi sempat meninjau Museum Trikora di Morotai yang mangkrak dan membagikan bantuan di Kabupaten Halmahera Utara.	Museum Trikora
238	Morotai	Sebelum kembali ke Jakarta, Jokowi sempat meninjau Museum Trikora di Morotai yang mangkrak dan membagikan bantuan di Kabupaten Halmahera Utara.	Morotai
238	Kabupaten Halmahera Utara	Sebelum kembali ke Jakarta, Jokowi sempat meninjau Museum Trikora di Morotai yang mangkrak dan membagikan bantuan di Kabupaten Halmahera Utara.	Kabupaten Halmahera Ut
1876	Pratikno	Dalam waktu tidak terlalu lama mereka akan capai rumusan bersama dalam rangkan perbaikan pelayanan," kata Pratikno.	Pratikno
1376	Batik Air	"Tadi kan satu pesawat sudah clearance (Pesawat Batik Air) untuk take off, ternyata masih ada pesawat yang posisinya di-towing (ditarik) dari apron mneuju ke hanggar, artinya ada 2 pesawat di runway," lanjut dia.	Batik Air Indonesia
291	Leicester	Leicester yang mematok target terhindar dari degradasi secara konsisten menguasai papan atas klasemen Premier League hingga menjadi calon kuat juara.	Leicester
291	Premier League	Leicester yang mematok target terhindar dari degradasi secara konsisten menguasai papan atas klasemen Premier League hingga menjadi calon kuat juara.	Liga Utama Inggris
480	Marcus	Bisa merebut gim kedua, Marcus/Chris mulai mendapat momentum saat memasuki gim ketiga.	Marcus Wright
480	Chris	Bisa merebut gim kedua, Marcus/Chris mulai mendapat momentum saat memasuki gim ketiga.	Chris Marcus
584	Samsung	Samsung mulai menjual ponsel layar sentuh ke pasar pada 2008 lalu, dengan harga bersaing.	Samsung Electronics
544	Tsonga	"Kalau Tsonga beberapa kali salah langkah sehingga beberapa kali pukulan Federer dinyatakan masuk.	Jo
544	Federer	"Kalau Tsonga beberapa kali salah langkah sehingga beberapa kali pukulan Federer dinyatakan masuk.	Roger Federer
1925	Jakarta	Ratas dihadiri Gubernur Jakarta Ahok, Menko Kemaritiman Rizal Ramli, Menko Perekonomian Darmin Nasution, Menhub Ignasius Jonan dan Mensesneg Pratikno.	Daerah Khusus Ibukota Jakarta
1925	Ahok	Ratas dihadiri Gubernur Jakarta Ahok, Menko Kemaritiman Rizal Ramli, Menko Perekonomian Darmin Nasution, Menhub Ignasius Jonan dan Mensesneg Pratikno.	Basuki Tjahaja Purnama
1925	Rizal Ramli	Ratas dihadiri Gubernur Jakarta Ahok, Menko Kemaritiman Rizal Ramli, Menko Perekonomian Darmin Nasution, Menhub Ignasius Jonan dan Mensesneg Pratikno.	Rizal Ramli
1925	Darmin Nasution	Ratas dihadiri Gubernur Jakarta Ahok, Menko Kemaritiman Rizal Ramli, Menko Perekonomian Darmin Nasution, Menhub Ignasius Jonan dan Mensesneg Pratikno.	Menteri Koordinator Perekonomian
1925	Ignasius Jonan	Ratas dihadiri Gubernur Jakarta Ahok, Menko Kemaritiman Rizal Ramli, Menko Perekonomian Darmin Nasution, Menhub Ignasius Jonan dan Mensesneg Pratikno.	Ignasius Jonan
1925	Pratikno	Ratas dihadiri Gubernur Jakarta Ahok, Menko Kemaritiman Rizal Ramli, Menko Perekonomian Darmin Nasution, Menhub Ignasius Jonan dan Mensesneg Pratikno.	Menteri Sekretaris Negara
1178	Ledia	Saat ini adalah periode kedua Ledia terpilih sebagai wakil rakyat.	Ledia
276	PPP	"Itu tentu kita hormati dan PPP sudah sepakat bulat seluruh warga PPP menyelesaikan sengketa selama itu sudah bertahun-tahun terjadi dan satu-satunya cara untuk menyelesaikan sengketa itu dengan muktamar sebagai forum islah," kata Lukman.	Partai Persatuan Pembangunan
276	PPP	"Itu tentu kita hormati dan PPP sudah sepakat bulat seluruh warga PPP menyelesaikan sengketa selama itu sudah bertahun-tahun terjadi dan satu-satunya cara untuk menyelesaikan sengketa itu dengan muktamar sebagai forum islah," kata Lukman.	Partai Persatuan Pembangunan
276	Lukman	"Itu tentu kita hormati dan PPP sudah sepakat bulat seluruh warga PPP menyelesaikan sengketa selama itu sudah bertahun-tahun terjadi dan satu-satunya cara untuk menyelesaikan sengketa itu dengan muktamar sebagai forum islah," kata Lukman.	Lukman Hakim Saifuddin
30	Leverkusen	Kala menghadapi Leverkusen, Wolfsburg membuat 5 attempts on target tanpa menghasilkan satu gol pun.	Bayer Leverkusen
30	Wolfsburg	Kala menghadapi Leverkusen, Wolfsburg membuat 5 attempts on target tanpa menghasilkan satu gol pun.	VfL Wolfsburg
1814	Jerman	Siku pemain asal Jerman itu mengenai muka Vieirinha, hingga asal Pertugal itu terkapar.	Jerman
1814	Vieirinha	Siku pemain asal Jerman itu mengenai muka Vieirinha, hingga asal Pertugal itu terkapar.	Vieira da Silva
1814	Pertugal	Siku pemain asal Jerman itu mengenai muka Vieirinha, hingga asal Pertugal itu terkapar.	Portugal
282	Istana Kepresidenan RI	Istana Kepresidenan RI menyambut baik kritik Ketua Umum PDIP Megawati Soekarnoputri pada program BLT.	Istana Kepresidenan Republik Indonesia
282	PDIP	Istana Kepresidenan RI menyambut baik kritik Ketua Umum PDIP Megawati Soekarnoputri pada program BLT.	Partai Demokrasi Indonesia
282	Megawati Soekarnoputri	Istana Kepresidenan RI menyambut baik kritik Ketua Umum PDIP Megawati Soekarnoputri pada program BLT.	Megawati Soekarnoputri
185	Sociedad	Tantangan kian besar karena Sociedad akan berusaha mengeksploitasi fisik Barca setelah melakoni laga tengah pekan di Liga Champions.	Sociedad Deportiva
185	Barca	Tantangan kian besar karena Sociedad akan berusaha mengeksploitasi fisik Barca setelah melakoni laga tengah pekan di Liga Champions.	Barca
1631	Disney	Bersiaplah menyambut perpaduan dunia magical Disney dan kekayaan budaya Tiongkok di theme park senilai US$ 5,5 miliar (Rp 77,5 triliun).	Walt Disney
1631	Tiongkok	Bersiaplah menyambut perpaduan dunia magical Disney dan kekayaan budaya Tiongkok di theme park senilai US$ 5,5 miliar (Rp 77,5 triliun).	Tiongkok
234	Inter Milan	Inter Milan sempat memimpin klasemen Serie A pada paruh pertama musim ini, namun sekarang cuma mengincar tiket Liga Champions.	Internazionale Milano
1152	Kota Surabaya	Pada Oktober 2013, Kota Surabaya di bawah kepemimpinannya juga memperoleh penghargaan tingkat Asia-Pasifik, yaitu Future Government Awards 2013 di dua bidang sekaligus, yaitu data center dan inklusi digital menyisihkan 800 kota di seluruh Asia-Pasifik.	Kota Surabaya
1152	Asia-Pasifik	Pada Oktober 2013, Kota Surabaya di bawah kepemimpinannya juga memperoleh penghargaan tingkat Asia-Pasifik, yaitu Future Government Awards 2013 di dua bidang sekaligus, yaitu data center dan inklusi digital menyisihkan 800 kota di seluruh Asia-Pasifik.	Asia Pasifik
1152	Asia-Pasifik	Pada Oktober 2013, Kota Surabaya di bawah kepemimpinannya juga memperoleh penghargaan tingkat Asia-Pasifik, yaitu Future Government Awards 2013 di dua bidang sekaligus, yaitu data center dan inklusi digital menyisihkan 800 kota di seluruh Asia-Pasifik.	Asia Pasifik
1987	Indonesia	Perundingan Indonesia EFTA sejauh ini sudah berhenti selama 3 tahun.	Indonesia EFTA
1987	EFTA	Perundingan Indonesia EFTA sejauh ini sudah berhenti selama 3 tahun.	Uni Eropa untuk Perdagangan Bebas
1500	Jakarta	Jakarta-Manuel Pellegrini wanti-wanti agar para pemain tak kehilangan fokus meskipun mempunyai keuntungan usai meraih hasil imbang di markas Paris Saint-Germain.	Jakarta
1500	Manuel Pellegrini	Jakarta-Manuel Pellegrini wanti-wanti agar para pemain tak kehilangan fokus meskipun mempunyai keuntungan usai meraih hasil imbang di markas Paris Saint-Germain.	Manuel Pellegrini
1500	Paris Saint-Germain	Jakarta-Manuel Pellegrini wanti-wanti agar para pemain tak kehilangan fokus meskipun mempunyai keuntungan usai meraih hasil imbang di markas Paris Saint-Germain.	Paris Saint
1717	Risma	Menurutnya, wacana pengusungan Risma ke DKI hanya sebatas omongan sejumlah kader PDIP saja dan mustahil menjadi kenyataan, meski wacana seperti itu boleh saja dimunculkan.	Risma
1717	DKI	Menurutnya, wacana pengusungan Risma ke DKI hanya sebatas omongan sejumlah kader PDIP saja dan mustahil menjadi kenyataan, meski wacana seperti itu boleh saja dimunculkan.	Daerah Khusus Ibukota
1717	PDIP	Menurutnya, wacana pengusungan Risma ke DKI hanya sebatas omongan sejumlah kader PDIP saja dan mustahil menjadi kenyataan, meski wacana seperti itu boleh saja dimunculkan.	Partai Demokrasi Indonesia
1363	London	London-Arsene Wenger yakin Arsenal masih bisa finis teratas di Premier League, meski tertinggal jauh dari Leicester City.	Kota London
1363	Arsene Wenger	London-Arsene Wenger yakin Arsenal masih bisa finis teratas di Premier League, meski tertinggal jauh dari Leicester City.	Arsene Wenger
1363	Arsenal	London-Arsene Wenger yakin Arsenal masih bisa finis teratas di Premier League, meski tertinggal jauh dari Leicester City.	Arsenal Football Club
1363	Leicester	London-Arsene Wenger yakin Arsenal masih bisa finis teratas di Premier League, meski tertinggal jauh dari Leicester City.	Leicester City
1363	City	London-Arsene Wenger yakin Arsenal masih bisa finis teratas di Premier League, meski tertinggal jauh dari Leicester City.	Leicester City
808	Halmahera Utara	Penyerahan bantuan sosial berupa program Keluarga Harapan (PKH), Asistensi Sosial Penyandang Disabilitas Berat (ASPDB), Asistensi Sosial Lanjut Usia (ASLU), Kartu Indonesia Pintar (KIP), dan Beras untuk Rakyat Sejahtera (Beras Rastra) dilakukan di Terminal Suasio, Halmahera Utara.	Kabupaten Halmahera Utara
818	Partai Demokrat	Tim paslon yang diusung Partai Demokrat-PAN juga menegaskan pihaknya tidak mencari cari masalah dan berprasangka buruk.	Partai Demokrat
818	PAN	Tim paslon yang diusung Partai Demokrat-PAN juga menegaskan pihaknya tidak mencari cari masalah dan berprasangka buruk.	PAN
2036	MU	Sementara itu MU yang saat ini berada di posisi lima juga butuh hasil positif dan tambahan poin dalam usahanya mengejar posisi empat besar untuk mendapat tiket Liga Champions musim depan.	MU
1850	Toyota	Toyota Sienta dikembangkan sesuai dengan karakter dan kebutuhan masyarakat Indonesia.	Toyota Motor Corporation
1850	Indonesia	Toyota Sienta dikembangkan sesuai dengan karakter dan kebutuhan masyarakat Indonesia.	Indonesia
68	Los Angeles	Los Angeles-Walt Disney Co. memperkenalkan sebuah layanan baru yang memungkinkan anak di bawah umur 14 tahun membuat situs mini pribadi, seperti situs jaringan pertemanan MySpace.com.	Kota Los Angeles
68	Walt Disney Co.	Los Angeles-Walt Disney Co. memperkenalkan sebuah layanan baru yang memungkinkan anak di bawah umur 14 tahun membuat situs mini pribadi, seperti situs jaringan pertemanan MySpace.com.	The Walt Disney Company
68	MySpace.com	Los Angeles-Walt Disney Co. memperkenalkan sebuah layanan baru yang memungkinkan anak di bawah umur 14 tahun membuat situs mini pribadi, seperti situs jaringan pertemanan MySpace.com.	Myspace
129	Istana Negara	Acara pelantikan berlangsung di Ruang Utama Istana Negara, Jl Medan Merdeka Utara, Jakarta Pusat, Kamis (7/4/2016).	Istana Negara
129	Jakarta Pusat	Acara pelantikan berlangsung di Ruang Utama Istana Negara, Jl Medan Merdeka Utara, Jakarta Pusat, Kamis (7/4/2016).	Jakarta Pusat
545	LRT	Sebelumnya, saat memimpin rapat terbatas membahas LRT, Presiden Jokowi menyentil Ahok karena belum memulai proyek LRT.	Transrapid
545	Jokowi	Sebelumnya, saat memimpin rapat terbatas membahas LRT, Presiden Jokowi menyentil Ahok karena belum memulai proyek LRT.	Joko Widodo
545	Ahok	Sebelumnya, saat memimpin rapat terbatas membahas LRT, Presiden Jokowi menyentil Ahok karena belum memulai proyek LRT.	Ahok
545	LRT	Sebelumnya, saat memimpin rapat terbatas membahas LRT, Presiden Jokowi menyentil Ahok karena belum memulai proyek LRT.	Transrapid
2063	Jokowi	Selanjutnya Jokowi juga memerintahkan kepada para menteri untuk ikut dalam penyusunan anggaran.	Joko Widodo
52	PDIP	Lantas, adakah permintaan PDIP ke Presiden Jokowi soal posisi menteri yang layak diganti?	PDIP
52	Jokowi	Lantas, adakah permintaan PDIP ke Presiden Jokowi soal posisi menteri yang layak diganti?	Jokowi
1095	Taufik	menuliskan Taufik sebagai "Roger Federer dari Indonesia".Selain itu, anggaran itu juga untuk menambah fasilitas dan meningkatkan standar keamanan.	Taufik Hidayat
1095	Roger Federer	menuliskan Taufik sebagai "Roger Federer dari Indonesia".Selain itu, anggaran itu juga untuk menambah fasilitas dan meningkatkan standar keamanan.	Roger Federer
1095	Indonesia	menuliskan Taufik sebagai "Roger Federer dari Indonesia".Selain itu, anggaran itu juga untuk menambah fasilitas dan meningkatkan standar keamanan.	Indonesia
1945	PT Pos Indonesia	PT Pos Indonesia (Persero) mengangkat sebanyak 5 tenaga Perjanjian Kerja Waktu Tertentu (PKWT), tenaga alih daya atau outsourcing (OS) serta Intake Renewal, sebagai pegawai tetap Pos Indonesia.	Perusahaan Terbatas Pos Indonesia
1945	Pos Indonesia	PT Pos Indonesia (Persero) mengangkat sebanyak 5 tenaga Perjanjian Kerja Waktu Tertentu (PKWT), tenaga alih daya atau outsourcing (OS) serta Intake Renewal, sebagai pegawai tetap Pos Indonesia.	Perusahaan Umum Pos Indonesia
608	Arwin	Hingga kini, ungkap Arwin, Telkom dan Bukaka SingTel belum mencapai kesepakatan harga dalam negosiasi buy out (pengambilalihan) pembangunan telekomunikasi di KTI yang selama ini dikerjakan dengan sistem kerja sama operasi (KSO) itu.	Arwin
608	Telkom	Hingga kini, ungkap Arwin, Telkom dan Bukaka SingTel belum mencapai kesepakatan harga dalam negosiasi buy out (pengambilalihan) pembangunan telekomunikasi di KTI yang selama ini dikerjakan dengan sistem kerja sama operasi (KSO) itu.	Telkom
2088	Joko Widodo	Presiden Joko Widodo dalam waktu dekat dikabarkan akan segera melakukan reshuffle kabinet jilid II.	Joko Widodo
1375	Bandara Internasional Juwata	"Dengan mengucap Bismillahirrahmanirrahim, saya nyatakan Bandara Internasional Juwata resmi dioperasikan," tambah Jokowi.	Bandara Internasional Juw
1375	Jokowi	"Dengan mengucap Bismillahirrahmanirrahim, saya nyatakan Bandara Internasional Juwata resmi dioperasikan," tambah Jokowi.	Joko Widodo
300	Surabaya	Launching dilakukan di Gedung Sawunggaling, Pemkot Surabaya, oleh Wakil Walikota Surabaya, Arief Afandi bersama dengan Executive General Manager Telkom Divre V Jawa Timur, Nanang Ismail Kosim.	Kota Surabaya
300	Surabaya	Launching dilakukan di Gedung Sawunggaling, Pemkot Surabaya, oleh Wakil Walikota Surabaya, Arief Afandi bersama dengan Executive General Manager Telkom Divre V Jawa Timur, Nanang Ismail Kosim.	Kota Surabaya
300	Arief Afandi	Launching dilakukan di Gedung Sawunggaling, Pemkot Surabaya, oleh Wakil Walikota Surabaya, Arief Afandi bersama dengan Executive General Manager Telkom Divre V Jawa Timur, Nanang Ismail Kosim.	Arief Afandi
300	Telkom	Launching dilakukan di Gedung Sawunggaling, Pemkot Surabaya, oleh Wakil Walikota Surabaya, Arief Afandi bersama dengan Executive General Manager Telkom Divre V Jawa Timur, Nanang Ismail Kosim.	PT Telekomunikasi Indonesia
300	Jawa Timur	Launching dilakukan di Gedung Sawunggaling, Pemkot Surabaya, oleh Wakil Walikota Surabaya, Arief Afandi bersama dengan Executive General Manager Telkom Divre V Jawa Timur, Nanang Ismail Kosim.	Jawa Timur
1921	Ignasius Jonan	Dengan jaminan dua menteri yang memiliki integritas, Menhub Ignasius Jonan dan Menkominfo Rudiantara, proses akan mudah.	Ignasius Wahyudi Jonan
1921	Rudiantara	Dengan jaminan dua menteri yang memiliki integritas, Menhub Ignasius Jonan dan Menkominfo Rudiantara, proses akan mudah.	Rudiantara
232	Komisi Pemberantasan Korupsi	Jaksa Penuntut Umum dari Komisi Pemberantasan Korupsi (KPK) Abdul Basir sempat meminta kepada Majelis Hakim di Pengadilan Tindak Pidana Korupsi, untuk menghadirkan seorang saksi lagi untuk memberi keterangan dalam sidang yang digelar bagi terdakwa Direktur PT Windhu Tunggal Utama, Abdul Khoir, Senin (2/5/2016).	Komisi Pemberantasan Korupsi
232	KPK	Jaksa Penuntut Umum dari Komisi Pemberantasan Korupsi (KPK) Abdul Basir sempat meminta kepada Majelis Hakim di Pengadilan Tindak Pidana Korupsi, untuk menghadirkan seorang saksi lagi untuk memberi keterangan dalam sidang yang digelar bagi terdakwa Direktur PT Windhu Tunggal Utama, Abdul Khoir, Senin (2/5/2016).	Komisi Pemberantasan Korupsi
368	Golkar	Dukung pemerintah bukan untuk dapat posisi," terang Ketum Golkar Aburizal Bakrie menjelaskan posisinya, Kamis (31/3).	Partai Golongan Karya
368	Aburizal Bakrie	Dukung pemerintah bukan untuk dapat posisi," terang Ketum Golkar Aburizal Bakrie menjelaskan posisinya, Kamis (31/3).	Aburizal Bakrie
1786	KNKT	Dari diskusi dengan beberapa pihak yang berwenang memunculkan banyak dugaan sambil menunggu hasil penyelidikan KNKT.	Komisi Nasional Keselam
308	ZTE	Sejumlah analis berpendapat, jika ZTE ingin sejajar dengan iPhone Apple dan Galaxy Samsung, salah satu hambatan terbesar yang harus dihadapinya adalah pengenalan merek.	ZTE
308	iPhone	Sejumlah analis berpendapat, jika ZTE ingin sejajar dengan iPhone Apple dan Galaxy Samsung, salah satu hambatan terbesar yang harus dihadapinya adalah pengenalan merek.	iPhone
308	Apple	Sejumlah analis berpendapat, jika ZTE ingin sejajar dengan iPhone Apple dan Galaxy Samsung, salah satu hambatan terbesar yang harus dihadapinya adalah pengenalan merek.	Apple
308	Samsung	Sejumlah analis berpendapat, jika ZTE ingin sejajar dengan iPhone Apple dan Galaxy Samsung, salah satu hambatan terbesar yang harus dihadapinya adalah pengenalan merek.	Samsung
1520	detikcom	Jadi partai yang ikut arahan dan aturan main presiden," kata Chief Executive Officer (CEO) Cyrus Network Hasan Nasbi kepada detikcom, Rabu (23/3/2016).	detikcom
1740	Jokowi	Dia menaruh harap kepada Jokowi untuk bisa menjalankan roda pemerintahan.	Joko Widodo
496	Jonan	Jonan mengatakan Bandara Juwata ini menjadi bandara internasional pertama yang dibangun sejak 20 tahun lalu.	Jonan
496	Bandara Juwata	Jonan mengatakan Bandara Juwata ini menjadi bandara internasional pertama yang dibangun sejak 20 tahun lalu.	Bandara Juwata
974	PKB	Wasekjen PKB Daniel Johan menyebut reshuffle adalah sepenuhnya hak presiden.	Partai Keadilan Bangsa
974	Daniel Johan	Wasekjen PKB Daniel Johan menyebut reshuffle adalah sepenuhnya hak presiden.	Wakil Sekretaris Jenderal Partai Kebangkitan Bang
614	Taman Ismail Marzuki	pengelolaan parkir di Taman Ismail Marzuki (TIM) di Cikini, Jakarta Pusat, diambil oleh Unit Pelaksanan Teknis Perparkiran Dinas Perhubungan dan Transportasi (Dishubtrans) Pemprov DKI Jakarta.	Taman Ismail Marzuki
614	TIM	pengelolaan parkir di Taman Ismail Marzuki (TIM) di Cikini, Jakarta Pusat, diambil oleh Unit Pelaksanan Teknis Perparkiran Dinas Perhubungan dan Transportasi (Dishubtrans) Pemprov DKI Jakarta.	Taman Ismail Marzuki
614	Cikini	pengelolaan parkir di Taman Ismail Marzuki (TIM) di Cikini, Jakarta Pusat, diambil oleh Unit Pelaksanan Teknis Perparkiran Dinas Perhubungan dan Transportasi (Dishubtrans) Pemprov DKI Jakarta.	Cikini
614	Jakarta Pusat	pengelolaan parkir di Taman Ismail Marzuki (TIM) di Cikini, Jakarta Pusat, diambil oleh Unit Pelaksanan Teknis Perparkiran Dinas Perhubungan dan Transportasi (Dishubtrans) Pemprov DKI Jakarta.	Kota Administratif Jakarta Pusat
614	DKI Jakarta	pengelolaan parkir di Taman Ismail Marzuki (TIM) di Cikini, Jakarta Pusat, diambil oleh Unit Pelaksanan Teknis Perparkiran Dinas Perhubungan dan Transportasi (Dishubtrans) Pemprov DKI Jakarta.	Pemerintah Daerah Khusus Ibukota Jakarta
112	Arsenal	Peluang Arsenal untuk jadi juara tidak besar karena jarak dengan Leicester yang begitu jauh.	Arsenal Football Club
112	Leicester	Peluang Arsenal untuk jadi juara tidak besar karena jarak dengan Leicester yang begitu jauh.	Leicester City F
1766	Leverkusen	Berbeda dengan laga melawan Leverkusen, Wolfsburg tampil lebih efektif ketika menghadapi Madrid.	Bayer Leverkusen
1766	Wolfsburg	Berbeda dengan laga melawan Leverkusen, Wolfsburg tampil lebih efektif ketika menghadapi Madrid.	VfL Wolfsburg
1766	Madrid	Berbeda dengan laga melawan Leverkusen, Wolfsburg tampil lebih efektif ketika menghadapi Madrid.	Real Madrid
1308	Jokowi	Untuk diketahui, ini merupakan Sidang Paripurna pertama kali yang dilakukan oleh Jokowi di Gedung Setneg.	Joko Widodo
252	Wolfsburg	Namun, hanya butuh 20 menit untuk Wolfsburg membuat Madrid pulang dengan kepala tertunduk.	VfL Wolfsburg
252	Madrid	Namun, hanya butuh 20 menit untuk Wolfsburg membuat Madrid pulang dengan kepala tertunduk.	Real Madrid
299	Samsung	Wujud Galaxy S III dalam bocoran ini tampak konsisten dengan trend desain Samsung selama ini.	Samsung Electronics
1044	Pratikno	Yang penting pelayanan masyarakat bisa terjaga dan masyarakat jangan justru kecewa, masyarakat harus dijaga," tambah Pratikno.	Pratikno
121	Federer	Di atas kertas, Federer akan mudah melumat Davydenko.	Roger Federer
121	Davydenko	Di atas kertas, Federer akan mudah melumat Davydenko.	Nikolay Davydenko
793	Singapura	Cipika-cipiki alias cium pipi kanan dan cium pipi kiri mewarnai pertemuan mantan Perdana Menteri (PM) Singapura Lee Kuan Yew dengan mantan Presiden Megawati Soekarnoputri.	Singapura
793	Lee Kuan Yew	Cipika-cipiki alias cium pipi kanan dan cium pipi kiri mewarnai pertemuan mantan Perdana Menteri (PM) Singapura Lee Kuan Yew dengan mantan Presiden Megawati Soekarnoputri.	Lee Kuan Yew
793	Megawati Soekarnoputri	Cipika-cipiki alias cium pipi kanan dan cium pipi kiri mewarnai pertemuan mantan Perdana Menteri (PM) Singapura Lee Kuan Yew dengan mantan Presiden Megawati Soekarnoputri.	Megawati Soekarnoputri
1709	Zidane	Kami tahu ini akan jadi sebuah laga yang sulit dan itulah yang kami dapatkan," ujar Zidane di situs resmi UEFA.	Zidane
1709	UEFA	Kami tahu ini akan jadi sebuah laga yang sulit dan itulah yang kami dapatkan," ujar Zidane di situs resmi UEFA.	Perserikatan Eropah
1341	Klopp	Selama tujuh tahun bersama Klopp, Die Borussen meraih dua gelar Bundesliga, satu titel DFB-Pokal, dan dua gelar Piala Super Jerman.	Jurgen Klopp
1341	Die Borussen	Selama tujuh tahun bersama Klopp, Die Borussen meraih dua gelar Bundesliga, satu titel DFB-Pokal, dan dua gelar Piala Super Jerman.	Borussia Dortmund
1341	Bundesliga	Selama tujuh tahun bersama Klopp, Die Borussen meraih dua gelar Bundesliga, satu titel DFB-Pokal, dan dua gelar Piala Super Jerman.	Liga Utama Jerman
1341	Jerman	Selama tujuh tahun bersama Klopp, Die Borussen meraih dua gelar Bundesliga, satu titel DFB-Pokal, dan dua gelar Piala Super Jerman.	Piala Super Jerman
110	Madrid	Peluang terbaik Madrid muncul di menit ke-14 ketika Casemiro mengirim umpan kepada Karim Benzema yang berlari di antara garis pertahanan Wolfsburg.	Real Madrid
110	Casemiro	Peluang terbaik Madrid muncul di menit ke-14 ketika Casemiro mengirim umpan kepada Karim Benzema yang berlari di antara garis pertahanan Wolfsburg.	Casemiro
110	Karim Benzema	Peluang terbaik Madrid muncul di menit ke-14 ketika Casemiro mengirim umpan kepada Karim Benzema yang berlari di antara garis pertahanan Wolfsburg.	Karim Benzema
110	Wolfsburg	Peluang terbaik Madrid muncul di menit ke-14 ketika Casemiro mengirim umpan kepada Karim Benzema yang berlari di antara garis pertahanan Wolfsburg.	VfL Wolfsburg
1880	AS	"Ini pertama kali AS menjadi tuan rumah untuk AS-ASEAN dan ini mencerminkan komitmen pribadi saya, komitmen AS terhadap masing-masing negara dan kepada masyarakat ASEAN," kata Obama.	Amerika Serikat
1880	AS	"Ini pertama kali AS menjadi tuan rumah untuk AS-ASEAN dan ini mencerminkan komitmen pribadi saya, komitmen AS terhadap masing-masing negara dan kepada masyarakat ASEAN," kata Obama.	Amerika Serikat
1880	ASEAN	"Ini pertama kali AS menjadi tuan rumah untuk AS-ASEAN dan ini mencerminkan komitmen pribadi saya, komitmen AS terhadap masing-masing negara dan kepada masyarakat ASEAN," kata Obama.	Association of Southeast Asian Nations
1880	AS	"Ini pertama kali AS menjadi tuan rumah untuk AS-ASEAN dan ini mencerminkan komitmen pribadi saya, komitmen AS terhadap masing-masing negara dan kepada masyarakat ASEAN," kata Obama.	Amerika Serikat
1880	ASEAN	"Ini pertama kali AS menjadi tuan rumah untuk AS-ASEAN dan ini mencerminkan komitmen pribadi saya, komitmen AS terhadap masing-masing negara dan kepada masyarakat ASEAN," kata Obama.	Association of Southeast Asian Nations
1880	Obama	"Ini pertama kali AS menjadi tuan rumah untuk AS-ASEAN dan ini mencerminkan komitmen pribadi saya, komitmen AS terhadap masing-masing negara dan kepada masyarakat ASEAN," kata Obama.	Barack Obama
1784	Disneyland	Bahkan, Hed mengatakan, sudah ada yang mengusulkan pihaknya membuat taman hiburan alias theme park ala Disneyland.	Disneyland Resort
1288	Perhubungan Udara	Sementara itu saat ditemui terpisah, Dirjen Perhubungan Udara Suprasetyo mengatakan kemungkinan Dwi ditolak lantaran tidak ada pendamping.	Direktorat Jenderal Perhubungan Udara
2104	Johan	Johan menyebut, salah satu upaya mengakomdir itu misal dengan meminta taksi online yaitu Grab Taksi dan Uber untuk memenuhi sejumlah syarat yang diharuskan Undang-undang.	Johan Budiarto
2104	Grab	Johan menyebut, salah satu upaya mengakomdir itu misal dengan meminta taksi online yaitu Grab Taksi dan Uber untuk memenuhi sejumlah syarat yang diharuskan Undang-undang.	Grab Taxi
2104	Uber	Johan menyebut, salah satu upaya mengakomdir itu misal dengan meminta taksi online yaitu Grab Taksi dan Uber untuk memenuhi sejumlah syarat yang diharuskan Undang-undang.	Uber Technologies
565	Lemah Abang	Terutama mengenai langganan bulanan leased line channel untuk ruas Lemah Abang-Slipi (Jakarta-Excelcom) dan Lemah Abang-Imam Bonjol (Jakarta-Telkom) untuk tiga bulan ke depan yang sudah berakhir sejak 30 April 2004.	Lemah Abang
565	Slipi	Terutama mengenai langganan bulanan leased line channel untuk ruas Lemah Abang-Slipi (Jakarta-Excelcom) dan Lemah Abang-Imam Bonjol (Jakarta-Telkom) untuk tiga bulan ke depan yang sudah berakhir sejak 30 April 2004.	Slipi
565	Jakarta	Terutama mengenai langganan bulanan leased line channel untuk ruas Lemah Abang-Slipi (Jakarta-Excelcom) dan Lemah Abang-Imam Bonjol (Jakarta-Telkom) untuk tiga bulan ke depan yang sudah berakhir sejak 30 April 2004.	Daerah Khusus Ibukota Jakarta
565	Excelcom	Terutama mengenai langganan bulanan leased line channel untuk ruas Lemah Abang-Slipi (Jakarta-Excelcom) dan Lemah Abang-Imam Bonjol (Jakarta-Telkom) untuk tiga bulan ke depan yang sudah berakhir sejak 30 April 2004.	Excelcom
565	Lemah Abang	Terutama mengenai langganan bulanan leased line channel untuk ruas Lemah Abang-Slipi (Jakarta-Excelcom) dan Lemah Abang-Imam Bonjol (Jakarta-Telkom) untuk tiga bulan ke depan yang sudah berakhir sejak 30 April 2004.	Lemah Abang
565	Jakarta	Terutama mengenai langganan bulanan leased line channel untuk ruas Lemah Abang-Slipi (Jakarta-Excelcom) dan Lemah Abang-Imam Bonjol (Jakarta-Telkom) untuk tiga bulan ke depan yang sudah berakhir sejak 30 April 2004.	Daerah Khusus Ibukota Jakarta
565	Telkom	Terutama mengenai langganan bulanan leased line channel untuk ruas Lemah Abang-Slipi (Jakarta-Excelcom) dan Lemah Abang-Imam Bonjol (Jakarta-Telkom) untuk tiga bulan ke depan yang sudah berakhir sejak 30 April 2004.	PT Telekomunikasi Indonesia
1091	Siti Nurbaya	Menteri Siti Nurbaya yang berada di Jakarta mengapresiasi capaian yang sudah dilakukan Risma dan Pemkot Surabaya terhadap kepedulian lingkungan.	Siti Nurbaya Bakrie
1091	Jakarta	Menteri Siti Nurbaya yang berada di Jakarta mengapresiasi capaian yang sudah dilakukan Risma dan Pemkot Surabaya terhadap kepedulian lingkungan.	Jakarta
1091	Risma	Menteri Siti Nurbaya yang berada di Jakarta mengapresiasi capaian yang sudah dilakukan Risma dan Pemkot Surabaya terhadap kepedulian lingkungan.	Risma
1091	Pemkot Surabaya	Menteri Siti Nurbaya yang berada di Jakarta mengapresiasi capaian yang sudah dilakukan Risma dan Pemkot Surabaya terhadap kepedulian lingkungan.	Pemerintah Kota Surabaya
2107	Indofood	Rapat Umum Pemegang Saham Luar Biasa (RUPSLB) Indofood mensahkan rancangan akuisisi tersebut dalam rapat yang berlangsung di Wisma Indocement, Jalan Sudirman, Jakarta, Selasa (23/10/2007).	PT Indofood Sukses Makmur
2107	Wisma Indocement	Rapat Umum Pemegang Saham Luar Biasa (RUPSLB) Indofood mensahkan rancangan akuisisi tersebut dalam rapat yang berlangsung di Wisma Indocement, Jalan Sudirman, Jakarta, Selasa (23/10/2007).	Wisma Indocement Pudjiastuti
2107	Jalan Sudirman	Rapat Umum Pemegang Saham Luar Biasa (RUPSLB) Indofood mensahkan rancangan akuisisi tersebut dalam rapat yang berlangsung di Wisma Indocement, Jalan Sudirman, Jakarta, Selasa (23/10/2007).	Jalan Sudirman
2107	Jakarta	Rapat Umum Pemegang Saham Luar Biasa (RUPSLB) Indofood mensahkan rancangan akuisisi tersebut dalam rapat yang berlangsung di Wisma Indocement, Jalan Sudirman, Jakarta, Selasa (23/10/2007).	Daerah Khusus Ibukota Jakarta
483	Arnold	Selanjutnya, seperti yang sudah dituliskan di atas : Arnold kena getahnya, sementara Marcelo bebas dari hukuman.	Arnold
483	Marcelo	Selanjutnya, seperti yang sudah dituliskan di atas : Arnold kena getahnya, sementara Marcelo bebas dari hukuman.	Marcelo
421	detikINET	Seperti dikutip detikINET dari Gizmodo, Senin (26/4/2010), ia melakukan tudingan kontroversial itu lewat bukunya berjudul Think Samsung.	Detik
421	Gizmodo	Seperti dikutip detikINET dari Gizmodo, Senin (26/4/2010), ia melakukan tudingan kontroversial itu lewat bukunya berjudul Think Samsung.	Gizmodo
421	Samsung	Seperti dikutip detikINET dari Gizmodo, Senin (26/4/2010), ia melakukan tudingan kontroversial itu lewat bukunya berjudul Think Samsung.	Samsung
1899	Gabriel	Kami harus fokus pada hal itu dan melupakan soal tim-tim lain dan apakah mereka menang atau kalah," ujar Gabriel di situs resmi klub.	Gabriel
1927	Mega	Apa sikap Mega itu bisa disebut egois karena kadernya tidak ada yang jadi menteri?"	Mega
1085	Grab	Tapi saya katakan tadi sama Grab, Organda, dan Uber, dua menteri yang terlibat ini memiliki integritas yang baik," jelas Luhut dalam jumpa pers di Kemenko Polhukam, Jl Medan Merdeka Barat, Jakarta, Kamis (24/3/2016).	Grab
1085	Organda	Tapi saya katakan tadi sama Grab, Organda, dan Uber, dua menteri yang terlibat ini memiliki integritas yang baik," jelas Luhut dalam jumpa pers di Kemenko Polhukam, Jl Medan Merdeka Barat, Jakarta, Kamis (24/3/2016).	Organda
1085	Uber	Tapi saya katakan tadi sama Grab, Organda, dan Uber, dua menteri yang terlibat ini memiliki integritas yang baik," jelas Luhut dalam jumpa pers di Kemenko Polhukam, Jl Medan Merdeka Barat, Jakarta, Kamis (24/3/2016).	Uber
1085	Luhut	Tapi saya katakan tadi sama Grab, Organda, dan Uber, dua menteri yang terlibat ini memiliki integritas yang baik," jelas Luhut dalam jumpa pers di Kemenko Polhukam, Jl Medan Merdeka Barat, Jakarta, Kamis (24/3/2016).	Luhut Binsar Panjaitan
1085	Kemenko Polhukam	Tapi saya katakan tadi sama Grab, Organda, dan Uber, dua menteri yang terlibat ini memiliki integritas yang baik," jelas Luhut dalam jumpa pers di Kemenko Polhukam, Jl Medan Merdeka Barat, Jakarta, Kamis (24/3/2016).	Kementerian Koordinator Politik Hukum dan Keamanan
1085	Jakarta	Tapi saya katakan tadi sama Grab, Organda, dan Uber, dua menteri yang terlibat ini memiliki integritas yang baik," jelas Luhut dalam jumpa pers di Kemenko Polhukam, Jl Medan Merdeka Barat, Jakarta, Kamis (24/3/2016).	Jakarta
101	Bank Central Asia	Stock pick untuk hari ini antara lain : Bank Central Asia (BCA), BoW Bank Rakyat Indonesia (BBRI), BoW Indofood Sukses Makmur (INDF), BoW (ang/ang) Bukan saja Telkom akan menjadi besar dan kapitalisasinya naik 300% dalam 5 tahun seperti diharapkannya, masyarakat Indonesia pun, yang mendapatkan layanan telekomunikasi murah dan berkualitas, bakal sangat berterima kasih kepadanya.	Bank Sentral Asia
101	BCA	Stock pick untuk hari ini antara lain : Bank Central Asia (BCA), BoW Bank Rakyat Indonesia (BBRI), BoW Indofood Sukses Makmur (INDF), BoW (ang/ang) Bukan saja Telkom akan menjadi besar dan kapitalisasinya naik 300% dalam 5 tahun seperti diharapkannya, masyarakat Indonesia pun, yang mendapatkan layanan telekomunikasi murah dan berkualitas, bakal sangat berterima kasih kepadanya.	BCA
101	Bank Rakyat Indonesia	Stock pick untuk hari ini antara lain : Bank Central Asia (BCA), BoW Bank Rakyat Indonesia (BBRI), BoW Indofood Sukses Makmur (INDF), BoW (ang/ang) Bukan saja Telkom akan menjadi besar dan kapitalisasinya naik 300% dalam 5 tahun seperti diharapkannya, masyarakat Indonesia pun, yang mendapatkan layanan telekomunikasi murah dan berkualitas, bakal sangat berterima kasih kepadanya.	Bank Rakyat Indonesia Persero
101	BBRI	Stock pick untuk hari ini antara lain : Bank Central Asia (BCA), BoW Bank Rakyat Indonesia (BBRI), BoW Indofood Sukses Makmur (INDF), BoW (ang/ang) Bukan saja Telkom akan menjadi besar dan kapitalisasinya naik 300% dalam 5 tahun seperti diharapkannya, masyarakat Indonesia pun, yang mendapatkan layanan telekomunikasi murah dan berkualitas, bakal sangat berterima kasih kepadanya.	BBRI
101	Indofood Sukses Makmur	Stock pick untuk hari ini antara lain : Bank Central Asia (BCA), BoW Bank Rakyat Indonesia (BBRI), BoW Indofood Sukses Makmur (INDF), BoW (ang/ang) Bukan saja Telkom akan menjadi besar dan kapitalisasinya naik 300% dalam 5 tahun seperti diharapkannya, masyarakat Indonesia pun, yang mendapatkan layanan telekomunikasi murah dan berkualitas, bakal sangat berterima kasih kepadanya.	PT Indofood Sukses Makmur
101	INDF	Stock pick untuk hari ini antara lain : Bank Central Asia (BCA), BoW Bank Rakyat Indonesia (BBRI), BoW Indofood Sukses Makmur (INDF), BoW (ang/ang) Bukan saja Telkom akan menjadi besar dan kapitalisasinya naik 300% dalam 5 tahun seperti diharapkannya, masyarakat Indonesia pun, yang mendapatkan layanan telekomunikasi murah dan berkualitas, bakal sangat berterima kasih kepadanya.	Indofood Sukses Makmur
101	Telkom	Stock pick untuk hari ini antara lain : Bank Central Asia (BCA), BoW Bank Rakyat Indonesia (BBRI), BoW Indofood Sukses Makmur (INDF), BoW (ang/ang) Bukan saja Telkom akan menjadi besar dan kapitalisasinya naik 300% dalam 5 tahun seperti diharapkannya, masyarakat Indonesia pun, yang mendapatkan layanan telekomunikasi murah dan berkualitas, bakal sangat berterima kasih kepadanya.	Telkom
101	Indonesia	Stock pick untuk hari ini antara lain : Bank Central Asia (BCA), BoW Bank Rakyat Indonesia (BBRI), BoW Indofood Sukses Makmur (INDF), BoW (ang/ang) Bukan saja Telkom akan menjadi besar dan kapitalisasinya naik 300% dalam 5 tahun seperti diharapkannya, masyarakat Indonesia pun, yang mendapatkan layanan telekomunikasi murah dan berkualitas, bakal sangat berterima kasih kepadanya.	Republik Indonesia
1240	Pertamina	Direktur Keuangan Pertamina, Afdal Bahaudin, yang ditemui Kompas di sirkuitmengatakan, Pertamina akan terus mendukung Rio untuk teus meningkatkan prestasi di ajang balap.	Perusahaan Pertambangan Minyak dan Gas Bumi Negara
1240	Kompas	Direktur Keuangan Pertamina, Afdal Bahaudin, yang ditemui Kompas di sirkuitmengatakan, Pertamina akan terus mendukung Rio untuk teus meningkatkan prestasi di ajang balap.	Kompas
1240	Pertamina	Direktur Keuangan Pertamina, Afdal Bahaudin, yang ditemui Kompas di sirkuitmengatakan, Pertamina akan terus mendukung Rio untuk teus meningkatkan prestasi di ajang balap.	Perusahaan Pertambangan Minyak dan Gas Bumi Negara
1240	Rio	Direktur Keuangan Pertamina, Afdal Bahaudin, yang ditemui Kompas di sirkuitmengatakan, Pertamina akan terus mendukung Rio untuk teus meningkatkan prestasi di ajang balap.	Rio
939	Rini	Menteri Rini ini menimbulkan pro dan kontra yang luas," kata Ketua DPP PDIP Hendrawan Supratikno, Senin (21/3).	Rini
939	PDIP	Menteri Rini ini menimbulkan pro dan kontra yang luas," kata Ketua DPP PDIP Hendrawan Supratikno, Senin (21/3).	Partai Demokrasi Indonesia Perjuangan
939	Hendrawan Supratikno	Menteri Rini ini menimbulkan pro dan kontra yang luas," kata Ketua DPP PDIP Hendrawan Supratikno, Senin (21/3).	Hendrawan Supratikno
998	Leicester City	Leicester City kian mantap di puncak klasemen Premier League usai menundukkan Sunderland 2-0 di Stadium of Light, Minggu (10/4/2016).	Leicester City Football Club
998	Premier League	Leicester City kian mantap di puncak klasemen Premier League usai menundukkan Sunderland 2-0 di Stadium of Light, Minggu (10/4/2016).	Liga Utama Inggris
998	Sunderland	Leicester City kian mantap di puncak klasemen Premier League usai menundukkan Sunderland 2-0 di Stadium of Light, Minggu (10/4/2016).	AFC Sunderland
998	Stadium of Light	Leicester City kian mantap di puncak klasemen Premier League usai menundukkan Sunderland 2-0 di Stadium of Light, Minggu (10/4/2016).	Stadion of Light
1394	Thunder	Pada pertandingan ini, Thunder yang juga sudah lolos ke playoff mengistirahatkan pemain-pemain utamanya, termasuk Kevin Durant dan Russell Westbrook.	Thunder
1394	Kevin Durant	Pada pertandingan ini, Thunder yang juga sudah lolos ke playoff mengistirahatkan pemain-pemain utamanya, termasuk Kevin Durant dan Russell Westbrook.	Kevin Durant
1394	Russell Westbrook	Pada pertandingan ini, Thunder yang juga sudah lolos ke playoff mengistirahatkan pemain-pemain utamanya, termasuk Kevin Durant dan Russell Westbrook.	Russell Westbrook
980	Song Joong Ki	Di tengah-tengah perhatian dunia terhadap aktivitas Song Joong Ki sebagai bintang utama iklan dan sebagai Duta Kehormatan Pariwisata Korea, Korea Tourism Organization tentu saja akan mepromosikan lokasi syuting sebagai produk pariwisata dan akan melakukan promosi secara aktif di luar negeri bersama Song Joong Ki.	Song Joong
980	Korea	Di tengah-tengah perhatian dunia terhadap aktivitas Song Joong Ki sebagai bintang utama iklan dan sebagai Duta Kehormatan Pariwisata Korea, Korea Tourism Organization tentu saja akan mepromosikan lokasi syuting sebagai produk pariwisata dan akan melakukan promosi secara aktif di luar negeri bersama Song Joong Ki.	Korea Selatan
980	Korea Tourism Organization	Di tengah-tengah perhatian dunia terhadap aktivitas Song Joong Ki sebagai bintang utama iklan dan sebagai Duta Kehormatan Pariwisata Korea, Korea Tourism Organization tentu saja akan mepromosikan lokasi syuting sebagai produk pariwisata dan akan melakukan promosi secara aktif di luar negeri bersama Song Joong Ki.	Organisasi Pariwisata Korea
980	Song Joong Ki	Di tengah-tengah perhatian dunia terhadap aktivitas Song Joong Ki sebagai bintang utama iklan dan sebagai Duta Kehormatan Pariwisata Korea, Korea Tourism Organization tentu saja akan mepromosikan lokasi syuting sebagai produk pariwisata dan akan melakukan promosi secara aktif di luar negeri bersama Song Joong Ki.	Song Joong
2106	Bandara HLP	Sebagai Bandara, lalu lintas ke dan dari Bandara HLP sudah sangat padat.	Hang Nadim Langit Perak
1553	Partai Demokrat	Sebelumnya, capres yang diusung oleh Partai Demokrat dan beberapa partai peserta koalisi, Susilo Bambang Yudhoyono (SBY), menyindir janji Mega-Prabowo soal pertumbuhan ekonomi dua digit dianggap menjanjikan angin surga.	Partai Demokrat Indonesia
1553	Susilo Bambang Yudhoyono	Sebelumnya, capres yang diusung oleh Partai Demokrat dan beberapa partai peserta koalisi, Susilo Bambang Yudhoyono (SBY), menyindir janji Mega-Prabowo soal pertumbuhan ekonomi dua digit dianggap menjanjikan angin surga.	Susilo Bambang Yudhoy
1553	SBY	Sebelumnya, capres yang diusung oleh Partai Demokrat dan beberapa partai peserta koalisi, Susilo Bambang Yudhoyono (SBY), menyindir janji Mega-Prabowo soal pertumbuhan ekonomi dua digit dianggap menjanjikan angin surga.	Susilo Bambang Yudhoyono
1553	Mega	Sebelumnya, capres yang diusung oleh Partai Demokrat dan beberapa partai peserta koalisi, Susilo Bambang Yudhoyono (SBY), menyindir janji Mega-Prabowo soal pertumbuhan ekonomi dua digit dianggap menjanjikan angin surga.	Mega
1553	Prabowo	Sebelumnya, capres yang diusung oleh Partai Demokrat dan beberapa partai peserta koalisi, Susilo Bambang Yudhoyono (SBY), menyindir janji Mega-Prabowo soal pertumbuhan ekonomi dua digit dianggap menjanjikan angin surga.	Prabowo Subianto
57	Akom	Akom yang akan maju sebagai calon ketua umum Golkar itu juga tak mau berspekulasi bahwa Presiden akan merombak susunan kabinetnya usai munas partai berlambang pohon beringin itu.	Akhmad Zaki Yusuf
57	Golkar	Akom yang akan maju sebagai calon ketua umum Golkar itu juga tak mau berspekulasi bahwa Presiden akan merombak susunan kabinetnya usai munas partai berlambang pohon beringin itu.	Golkar
1293	Mainz	Sekarang, kami harus menunjukkan kemampuan kami pada laga melawan Mainz di Bundesliga dan Madrid di leg kedua," kata Naldo.	Mainz
1293	Madrid	Sekarang, kami harus menunjukkan kemampuan kami pada laga melawan Mainz di Bundesliga dan Madrid di leg kedua," kata Naldo.	Madrid
1293	Naldo	Sekarang, kami harus menunjukkan kemampuan kami pada laga melawan Mainz di Bundesliga dan Madrid di leg kedua," kata Naldo.	Naldo
1761	BUMN	Alasan lain, yaitu kebijakan Penyertaan Modal Negara (PMN) untuk BUMN yang menjadi kritikan untuk Rini.	Badan Usaha Milik Negara
1761	Rini	Alasan lain, yaitu kebijakan Penyertaan Modal Negara (PMN) untuk BUMN yang menjadi kritikan untuk Rini.	Rini Widyastuti
1330	Mega	"Bu Mega tetap berkomitmen pemerintahan Ahok-Djarot berjalan dengan sebaik-baiknya, ini kedewasaan politik yang diterapkan Bu Mega,"Hasto menandaskan.	Mega
1330	Ahok	"Bu Mega tetap berkomitmen pemerintahan Ahok-Djarot berjalan dengan sebaik-baiknya, ini kedewasaan politik yang diterapkan Bu Mega,"Hasto menandaskan.	Basuki Tjahaja Purnama
1330	Djarot	"Bu Mega tetap berkomitmen pemerintahan Ahok-Djarot berjalan dengan sebaik-baiknya, ini kedewasaan politik yang diterapkan Bu Mega,"Hasto menandaskan.	Djarot Sastrawati
1330	Mega	"Bu Mega tetap berkomitmen pemerintahan Ahok-Djarot berjalan dengan sebaik-baiknya, ini kedewasaan politik yang diterapkan Bu Mega,"Hasto menandaskan.	Mega
1330	Hasto	"Bu Mega tetap berkomitmen pemerintahan Ahok-Djarot berjalan dengan sebaik-baiknya, ini kedewasaan politik yang diterapkan Bu Mega,"Hasto menandaskan.	Hasto
1132	Volkswagen Arena	Melawat ke Volkswagen Arena, Kamis (7/4/2016) dinihari WIB, pada leg pertama perempatfinal Liga Champions, Madrid sebenarnya tampil dominan sejak menit awal, Mereka punya 60 persen ball possesion serta membuat total 21 attempts.	Stadion Volkswagen Arena
1132	Madrid	Melawat ke Volkswagen Arena, Kamis (7/4/2016) dinihari WIB, pada leg pertama perempatfinal Liga Champions, Madrid sebenarnya tampil dominan sejak menit awal, Mereka punya 60 persen ball possesion serta membuat total 21 attempts.	Real Madrid
553	PKB	PKB sendiri melihat bahwa terhadap pihaknya, ada serangan untuk upaya penyingkiran kadernya, Marwan Jafar, dari posisi Menteri Desa dan Pembangunan Daerah Tertinggal dan Transmigrasi (PDTT).	Partai Keadilan
553	Marwan Jafar	PKB sendiri melihat bahwa terhadap pihaknya, ada serangan untuk upaya penyingkiran kadernya, Marwan Jafar, dari posisi Menteri Desa dan Pembangunan Daerah Tertinggal dan Transmigrasi (PDTT).	Marwan Jafar
1403	Ibra	Anda tak boleh membuat kesalahan-kesalahan seperti ini saat melawan sebuah tim dengan kualitas ini," ujar Ibra kepada PSG TV.	Ibra
1403	PSG	Anda tak boleh membuat kesalahan-kesalahan seperti ini saat melawan sebuah tim dengan kualitas ini," ujar Ibra kepada PSG TV.	PSG
1455	Murray	Murray mengatasi Jeremy Chardy, sementara Federer menaklukkan Gael Monfils Bermain di lapangan Suzanne-Lenglen, Senin (1/6/2015) malam WIB, harus bermain empat set untuk menang dengan hasil akhir 6-4, 3-6, 6-3, dan 6-2.	Murray
1455	Jeremy Chardy	Murray mengatasi Jeremy Chardy, sementara Federer menaklukkan Gael Monfils Bermain di lapangan Suzanne-Lenglen, Senin (1/6/2015) malam WIB, harus bermain empat set untuk menang dengan hasil akhir 6-4, 3-6, 6-3, dan 6-2.	J
1455	Federer	Murray mengatasi Jeremy Chardy, sementara Federer menaklukkan Gael Monfils Bermain di lapangan Suzanne-Lenglen, Senin (1/6/2015) malam WIB, harus bermain empat set untuk menang dengan hasil akhir 6-4, 3-6, 6-3, dan 6-2.	Federer
1455	Gael Monfils	Murray mengatasi Jeremy Chardy, sementara Federer menaklukkan Gael Monfils Bermain di lapangan Suzanne-Lenglen, Senin (1/6/2015) malam WIB, harus bermain empat set untuk menang dengan hasil akhir 6-4, 3-6, 6-3, dan 6-2.	Gael Monfils is
1455	Suzanne-Lenglen	Murray mengatasi Jeremy Chardy, sementara Federer menaklukkan Gael Monfils Bermain di lapangan Suzanne-Lenglen, Senin (1/6/2015) malam WIB, harus bermain empat set untuk menang dengan hasil akhir 6-4, 3-6, 6-3, dan 6-2.	Stade Suzanne
687	Mega	Namun Mega dan mantan Presiden RI lainnya tidak ada yang datang ke Istana.	Mega
687	RI	Namun Mega dan mantan Presiden RI lainnya tidak ada yang datang ke Istana.	Republik Indonesia
1719	Jokowi	Memang Jokowi sebaiknya memberikan parpol baru untuk masuk ke dalam kabinet, tapi konsekuensinya mengurangi jatah parpol yang sudah ada," katanya.	Joko Widodo
1978	Boediono	Wapres Boediono bersilaturahim ke kediaman mantan Presiden Megawati Soekarnoputri.	Boediono Setiawan
1978	Megawati Soekarnoputri	Wapres Boediono bersilaturahim ke kediaman mantan Presiden Megawati Soekarnoputri.	Megawati Soekarnoputri
430	Federer	di final hari ini, Federer telah memenangi 76 dari 77 pertandingan terakhirnya di lapangan rumpur semenjak 2002.Terakhir saya mendapat pesanan jilbab dan baju gamis dari Yaman," ungkapnya.	Roger Federer
430	Yaman	di final hari ini, Federer telah memenangi 76 dari 77 pertandingan terakhirnya di lapangan rumpur semenjak 2002.Terakhir saya mendapat pesanan jilbab dan baju gamis dari Yaman," ungkapnya.	Yaman
1594	Singapore	Mereka punya branch di Singapore, tapi all the moduls dari UK," tutur Rio saat diwawancara wartawan di Hotel Crowne Plaza, Milan, Italia, Jumat (5/9/2014) malam.	Singapura
1594	UK	Mereka punya branch di Singapore, tapi all the moduls dari UK," tutur Rio saat diwawancara wartawan di Hotel Crowne Plaza, Milan, Italia, Jumat (5/9/2014) malam.	UK
1594	Rio	Mereka punya branch di Singapore, tapi all the moduls dari UK," tutur Rio saat diwawancara wartawan di Hotel Crowne Plaza, Milan, Italia, Jumat (5/9/2014) malam.	Rio
1594	Milan	Mereka punya branch di Singapore, tapi all the moduls dari UK," tutur Rio saat diwawancara wartawan di Hotel Crowne Plaza, Milan, Italia, Jumat (5/9/2014) malam.	Milan
1594	Italia	Mereka punya branch di Singapore, tapi all the moduls dari UK," tutur Rio saat diwawancara wartawan di Hotel Crowne Plaza, Milan, Italia, Jumat (5/9/2014) malam.	Italia
1916	Pos Indonesia	"Perekrutan dilakukan untuk memperkuat SDM Pos Indonesia sesuai dengan rencana bisnis yang akan dijalankan perusahaan," kata Direktur Utama PT Pos Indonesia, Gilarsi Wahju Setijono.	Pos Indonesia
1916	PT Pos Indonesia	"Perekrutan dilakukan untuk memperkuat SDM Pos Indonesia sesuai dengan rencana bisnis yang akan dijalankan perusahaan," kata Direktur Utama PT Pos Indonesia, Gilarsi Wahju Setijono.	Perusahaan Telekomunikasi Pos Indonesia
1090	Pete	Permukaannya cukup cepat dan Pete bermain bagus dan jarang membuat kesalahan," demikian penuturan Federer tentang lawan tandingnya itu seperti dikutip BBC.	Pete
1090	Federer	Permukaannya cukup cepat dan Pete bermain bagus dan jarang membuat kesalahan," demikian penuturan Federer tentang lawan tandingnya itu seperti dikutip BBC.	Roger Federer
1090	BBC	Permukaannya cukup cepat dan Pete bermain bagus dan jarang membuat kesalahan," demikian penuturan Federer tentang lawan tandingnya itu seperti dikutip BBC.	BBC
1407	Telkom	Nilai perdagangan saham Telkom sepanjang tahun 2005 sebesar Rp 24 triliun, naik dibandingkan tahun 2004 yang senilai Rp 23 triliun.	Telkom
1646	Hendrawan	Hendrawan kemudian menyebut empat nama menteri yang posisinya dirasa kurang tepat.	Hendrawan Supandji
486	Batik Air	Pesawat Batik Air tujuan Makassar sebelumnya bertabrakan dengan Pesawat ATR TransNusa sekitar pukul 20 WIB dan menyebabkan dua pesawat tersebut rusak.	Batik Air Indonesia
486	Makassar	Pesawat Batik Air tujuan Makassar sebelumnya bertabrakan dengan Pesawat ATR TransNusa sekitar pukul 20 WIB dan menyebabkan dua pesawat tersebut rusak.	Kota Makassar
486	TransNusa	Pesawat Batik Air tujuan Makassar sebelumnya bertabrakan dengan Pesawat ATR TransNusa sekitar pukul 20 WIB dan menyebabkan dua pesawat tersebut rusak.	TransNusa
1069	Telkom	"Finnet dibentuk untuk menangkap peluang bisnis di bidang penyedia data keuangan dan jaringan perbankan," kata Kepala Unit Hubungan Investor Telkom, Rochiman Sukarno dalam penjelasan tertulis, Rabu (1/2/2006).	PT Telekomunikasi
1792	City	Pada pertemuan kedua yang akan digelar di kandang City pada pekan depan, mereka harus menang atau bermain seri dengan skor lebih besar daripada 2-2 untuk lolos ke semifinal.	City
1161	PKB	Sekjen PKB Abdul Kadir Karding, dalam siaran pers terpisah, menyebut selama ini Kemedes menjadi incaran dari banyak pihak termasuk dari partai politik.	Partai Keadilan Bung Karno
1161	Abdul Kadir Karding	Sekjen PKB Abdul Kadir Karding, dalam siaran pers terpisah, menyebut selama ini Kemedes menjadi incaran dari banyak pihak termasuk dari partai politik.	Abdul Kadir Karding
1161	Kemedes	Sekjen PKB Abdul Kadir Karding, dalam siaran pers terpisah, menyebut selama ini Kemedes menjadi incaran dari banyak pihak termasuk dari partai politik.	Kemedes
531	Federer	Federer pernah dua kali menjadi juara turnamen ATP berlevel masters di Kanada ini, baik baik ketika digelar di Montreal maupun Toronto, yakni di tahun 2004 dan 2006.	Roger Federer
531	Kanada	Federer pernah dua kali menjadi juara turnamen ATP berlevel masters di Kanada ini, baik baik ketika digelar di Montreal maupun Toronto, yakni di tahun 2004 dan 2006.	Kanada
531	Montreal	Federer pernah dua kali menjadi juara turnamen ATP berlevel masters di Kanada ini, baik baik ketika digelar di Montreal maupun Toronto, yakni di tahun 2004 dan 2006.	Montreal
531	Toronto	Federer pernah dua kali menjadi juara turnamen ATP berlevel masters di Kanada ini, baik baik ketika digelar di Montreal maupun Toronto, yakni di tahun 2004 dan 2006.	Toronto
428	Kenjeran	Jembatan yang memutar dari Kenjeran menuju Kecamatan Bulak itu sudah bisa disaksikan dari Taman Hiburan Pantau (THP) Kenjeran.	Kenjeran W
428	Kecamatan Bulak	Jembatan yang memutar dari Kenjeran menuju Kecamatan Bulak itu sudah bisa disaksikan dari Taman Hiburan Pantau (THP) Kenjeran.	Kecamatan Bulaksumur
428	Kenjeran	Jembatan yang memutar dari Kenjeran menuju Kecamatan Bulak itu sudah bisa disaksikan dari Taman Hiburan Pantau (THP) Kenjeran.	Kenjeran W
70	Leicester	Itu juga dengan catatan mereka masih perlu berharap Leicester terpeleset.	Leicester City F
369	Telkom	saham unggulan yang melemah antara lain Telkom (TLKM), BTPN (BTPN), Inco (INCO), Bumi Resources (BUMI), Semen Gresik (SMGR), BRI (BBRI), Indofood (INDF) dan lain sebagainya.	Telkom
369	TLKM	saham unggulan yang melemah antara lain Telkom (TLKM), BTPN (BTPN), Inco (INCO), Bumi Resources (BUMI), Semen Gresik (SMGR), BRI (BBRI), Indofood (INDF) dan lain sebagainya.	Telekomunikasi Indonesia
369	BTPN	saham unggulan yang melemah antara lain Telkom (TLKM), BTPN (BTPN), Inco (INCO), Bumi Resources (BUMI), Semen Gresik (SMGR), BRI (BBRI), Indofood (INDF) dan lain sebagainya.	Bank Tabungan Negara
369	BTPN	saham unggulan yang melemah antara lain Telkom (TLKM), BTPN (BTPN), Inco (INCO), Bumi Resources (BUMI), Semen Gresik (SMGR), BRI (BBRI), Indofood (INDF) dan lain sebagainya.	Bank Tabungan Negara
369	Inco	saham unggulan yang melemah antara lain Telkom (TLKM), BTPN (BTPN), Inco (INCO), Bumi Resources (BUMI), Semen Gresik (SMGR), BRI (BBRI), Indofood (INDF) dan lain sebagainya.	PT International Nickel Indonesia
369	INCO	saham unggulan yang melemah antara lain Telkom (TLKM), BTPN (BTPN), Inco (INCO), Bumi Resources (BUMI), Semen Gresik (SMGR), BRI (BBRI), Indofood (INDF) dan lain sebagainya.	PT International Nickel Indonesia
369	Bumi Resources	saham unggulan yang melemah antara lain Telkom (TLKM), BTPN (BTPN), Inco (INCO), Bumi Resources (BUMI), Semen Gresik (SMGR), BRI (BBRI), Indofood (INDF) dan lain sebagainya.	PT Bumi Resources Tbk
369	BUMI	saham unggulan yang melemah antara lain Telkom (TLKM), BTPN (BTPN), Inco (INCO), Bumi Resources (BUMI), Semen Gresik (SMGR), BRI (BBRI), Indofood (INDF) dan lain sebagainya.	Bumi Resources
369	Semen Gresik	saham unggulan yang melemah antara lain Telkom (TLKM), BTPN (BTPN), Inco (INCO), Bumi Resources (BUMI), Semen Gresik (SMGR), BRI (BBRI), Indofood (INDF) dan lain sebagainya.	Semen Gresik
369	SMGR	saham unggulan yang melemah antara lain Telkom (TLKM), BTPN (BTPN), Inco (INCO), Bumi Resources (BUMI), Semen Gresik (SMGR), BRI (BBRI), Indofood (INDF) dan lain sebagainya.	Semen Gresik
369	BRI	saham unggulan yang melemah antara lain Telkom (TLKM), BTPN (BTPN), Inco (INCO), Bumi Resources (BUMI), Semen Gresik (SMGR), BRI (BBRI), Indofood (INDF) dan lain sebagainya.	Bank Rakyat Indonesia
369	BBRI	saham unggulan yang melemah antara lain Telkom (TLKM), BTPN (BTPN), Inco (INCO), Bumi Resources (BUMI), Semen Gresik (SMGR), BRI (BBRI), Indofood (INDF) dan lain sebagainya.	Bank BRI
369	Indofood	saham unggulan yang melemah antara lain Telkom (TLKM), BTPN (BTPN), Inco (INCO), Bumi Resources (BUMI), Semen Gresik (SMGR), BRI (BBRI), Indofood (INDF) dan lain sebagainya.	PT Indofood Sukses Makmur
369	INDF	saham unggulan yang melemah antara lain Telkom (TLKM), BTPN (BTPN), Inco (INCO), Bumi Resources (BUMI), Semen Gresik (SMGR), BRI (BBRI), Indofood (INDF) dan lain sebagainya.	Indofood Sukses Makmur
1653	Samsung	Dalam pengembangan pabrik tersebut, Samsung menggelontorkan investasi baru sejumlah USD 70 juta.	Samsung Electronics
1933	London	London-Leicester City dapat tambahan dukungan dalam usaha menjuarai Premier League.	Kota London
1933	Leicester City	London-Leicester City dapat tambahan dukungan dalam usaha menjuarai Premier League.	Leicester City Football Club
520	Pramono Anung	"Surat itu, siapa saja boleh mengirim dan meminta," kata Pramono Anung di Gedung Sekretariat Negara, Jakarta Pusat, Rabu (6/4/2016).	Pramono Anung
520	Jakarta Pusat	"Surat itu, siapa saja boleh mengirim dan meminta," kata Pramono Anung di Gedung Sekretariat Negara, Jakarta Pusat, Rabu (6/4/2016).	Daerah Khusus Ibukota Jakarta Pusat
669	PDIP	PDIP menilai beberapa menteri kinerjanya kurang bagus sehingga layak diganti.	Partai Demokrasi Indonesia Perjuangan
580	Bale	"Apa yang mesti kami lakukan adalah memastikan kami menang dengan keunggulan tiga gol," seru Bale.	Gareth Bale
1037	Johan	Kalau ada perkembangan baru, saya belum cek ke Presiden," ucap Johan.	Johan Budiarto
248	Indosat	Indosat melakukan penyajian ulang untuk kinerja tahun 2003 atas transaksi silang antara PT Indosat Tbk dan PT Telkom Tbk, dimana perseroan mencatatkan penerimaan dari pos luar biasa sebesar Rp 4,49 triliun.	PT Indosat Tbk
248	PT Indosat Tbk	Indosat melakukan penyajian ulang untuk kinerja tahun 2003 atas transaksi silang antara PT Indosat Tbk dan PT Telkom Tbk, dimana perseroan mencatatkan penerimaan dari pos luar biasa sebesar Rp 4,49 triliun.	PT Indosat Tbk
248	PT Telkom Tbk	Indosat melakukan penyajian ulang untuk kinerja tahun 2003 atas transaksi silang antara PT Indosat Tbk dan PT Telkom Tbk, dimana perseroan mencatatkan penerimaan dari pos luar biasa sebesar Rp 4,49 triliun.	PT Telekomunikasi Indonesia Tbk
1357	Samsung	Tak seperti Samsung dan HTC, sayangnya Asus belum menggunakan custom User Interace (UI) mereka sendiri, karena masih menggunakan tampilan orisinil OS Android Honeycomb 3.	Samsung Electronics
1357	HTC	Tak seperti Samsung dan HTC, sayangnya Asus belum menggunakan custom User Interace (UI) mereka sendiri, karena masih menggunakan tampilan orisinil OS Android Honeycomb 3.	HTC
1357	Asus	Tak seperti Samsung dan HTC, sayangnya Asus belum menggunakan custom User Interace (UI) mereka sendiri, karena masih menggunakan tampilan orisinil OS Android Honeycomb 3.	ASUS
1357	UI	Tak seperti Samsung dan HTC, sayangnya Asus belum menggunakan custom User Interace (UI) mereka sendiri, karena masih menggunakan tampilan orisinil OS Android Honeycomb 3.	User Interface
612	Disney	Ditambah dengan tiga minggu sebelumnya, total pendapatan film garapan Disney ini tak kurang dari US$ 72,3 juta.	Walt Disney Studios Motion
671	Sanggeng	Mereka yang kebanyakan ibu-ibu sudah berkumpul di Dermaga Biriosi, Sanggeng, Manokwari, Papua Barat.	Sanggeng
671	Manokwari	Mereka yang kebanyakan ibu-ibu sudah berkumpul di Dermaga Biriosi, Sanggeng, Manokwari, Papua Barat.	Kota Manokwari
671	Papua Barat	Mereka yang kebanyakan ibu-ibu sudah berkumpul di Dermaga Biriosi, Sanggeng, Manokwari, Papua Barat.	Provinsi Papua Barat
1362	Parc des Princes	Dalam laga yang bergulir di Parc des Princes dalam leg pertama perempatfinal Liga Champions, Kamis (7/4/2016) dinihari WIB, City membawa pulang hasil seri 2-2.	Stadion Parc des Princes
1362	City	Dalam laga yang bergulir di Parc des Princes dalam leg pertama perempatfinal Liga Champions, Kamis (7/4/2016) dinihari WIB, City membawa pulang hasil seri 2-2.	Manchester City
1603	Disney	Beberapa waktu lalu penyanyi remaja jebolan Disney ini memutuskan hengkang dari Twitter.	The Walt Disney Company
1603	Twitter	Beberapa waktu lalu penyanyi remaja jebolan Disney ini memutuskan hengkang dari Twitter.	Situs jejaring sosial
1804	DKI Jakarta	Gubernur DKI Jakarta Basuki Tjahaja Poernama pada Kamis (24/3) mengatakan LRT di Jakarta akan mulai dibangun pada April 2016.	Daerah Khusus Ibukota Jakarta
1804	Basuki Tjahaja Poernama	Gubernur DKI Jakarta Basuki Tjahaja Poernama pada Kamis (24/3) mengatakan LRT di Jakarta akan mulai dibangun pada April 2016.	Basuki Tjahaja Purnama
1804	Jakarta	Gubernur DKI Jakarta Basuki Tjahaja Poernama pada Kamis (24/3) mengatakan LRT di Jakarta akan mulai dibangun pada April 2016.	Daerah Khusus Ibukota Jakarta
708	Apple	Rencana Apple membesut iPhone murah juga sebagai upaya menandingi smartphone Android berharga murah, terutama pesaing ketatnya, Samsung.	Apple
708	iPhone	Rencana Apple membesut iPhone murah juga sebagai upaya menandingi smartphone Android berharga murah, terutama pesaing ketatnya, Samsung.	iPhone yang diproduksi
708	Android	Rencana Apple membesut iPhone murah juga sebagai upaya menandingi smartphone Android berharga murah, terutama pesaing ketatnya, Samsung.	Android
708	Samsung	Rencana Apple membesut iPhone murah juga sebagai upaya menandingi smartphone Android berharga murah, terutama pesaing ketatnya, Samsung.	Samsung
241	Surabaya	"Termasuk program-program berbasis IT yang digunakan Pemkot Surabaya juga diadopsi KPK," katanya.'" Hari Senin tanggal 21 Februari Tim Hukum DPP akan ke KPK untuk meminta keterangan dalam kaitan hal mana Ibu Megawati diminta untuk menjadi saksi ade charge," kata Ketua Departemen Hukum DPP PDIP, Gayus Lumbuun, kepada detikcom, Jumat (18/2/2011).	Kota Surabaya
241	KPK	"Termasuk program-program berbasis IT yang digunakan Pemkot Surabaya juga diadopsi KPK," katanya.'" Hari Senin tanggal 21 Februari Tim Hukum DPP akan ke KPK untuk meminta keterangan dalam kaitan hal mana Ibu Megawati diminta untuk menjadi saksi ade charge," kata Ketua Departemen Hukum DPP PDIP, Gayus Lumbuun, kepada detikcom, Jumat (18/2/2011).	Komisi Pemberantasan Korupsi
241	KPK	"Termasuk program-program berbasis IT yang digunakan Pemkot Surabaya juga diadopsi KPK," katanya.'" Hari Senin tanggal 21 Februari Tim Hukum DPP akan ke KPK untuk meminta keterangan dalam kaitan hal mana Ibu Megawati diminta untuk menjadi saksi ade charge," kata Ketua Departemen Hukum DPP PDIP, Gayus Lumbuun, kepada detikcom, Jumat (18/2/2011).	Komisi Pemberantasan Korupsi
241	Megawati	"Termasuk program-program berbasis IT yang digunakan Pemkot Surabaya juga diadopsi KPK," katanya.'" Hari Senin tanggal 21 Februari Tim Hukum DPP akan ke KPK untuk meminta keterangan dalam kaitan hal mana Ibu Megawati diminta untuk menjadi saksi ade charge," kata Ketua Departemen Hukum DPP PDIP, Gayus Lumbuun, kepada detikcom, Jumat (18/2/2011).	Megawati Soekarnoputri
241	PDIP	"Termasuk program-program berbasis IT yang digunakan Pemkot Surabaya juga diadopsi KPK," katanya.'" Hari Senin tanggal 21 Februari Tim Hukum DPP akan ke KPK untuk meminta keterangan dalam kaitan hal mana Ibu Megawati diminta untuk menjadi saksi ade charge," kata Ketua Departemen Hukum DPP PDIP, Gayus Lumbuun, kepada detikcom, Jumat (18/2/2011).	Partai Demokrasi Indonesia Perjuangan
241	Gayus Lumbuun	"Termasuk program-program berbasis IT yang digunakan Pemkot Surabaya juga diadopsi KPK," katanya.'" Hari Senin tanggal 21 Februari Tim Hukum DPP akan ke KPK untuk meminta keterangan dalam kaitan hal mana Ibu Megawati diminta untuk menjadi saksi ade charge," kata Ketua Departemen Hukum DPP PDIP, Gayus Lumbuun, kepada detikcom, Jumat (18/2/2011).	Gayus Tambunan Lumbuun
241	detikcom	"Termasuk program-program berbasis IT yang digunakan Pemkot Surabaya juga diadopsi KPK," katanya.'" Hari Senin tanggal 21 Februari Tim Hukum DPP akan ke KPK untuk meminta keterangan dalam kaitan hal mana Ibu Megawati diminta untuk menjadi saksi ade charge," kata Ketua Departemen Hukum DPP PDIP, Gayus Lumbuun, kepada detikcom, Jumat (18/2/2011).	detikcom
1005	Taiwan	Pertemuan terakhir di Taiwan Terbuka 2015 dimenang Kevin/Marcus dengan skor 21-19, 21-17.	Taiwan Terbuka
1005	Kevin	Pertemuan terakhir di Taiwan Terbuka 2015 dimenang Kevin/Marcus dengan skor 21-19, 21-17.	Kevin Sanjaya Sukamuljo
1005	Marcus	Pertemuan terakhir di Taiwan Terbuka 2015 dimenang Kevin/Marcus dengan skor 21-19, 21-17.	Kevin Sanjaya Sukamuljo
481	Luhut	"Menkominfo dan Menhub akan duduk secara bersama membahas ini," kata Luhut.	Luhut Binsar Pan
1914	ESPN	Menurut ESPN, El Real menguasai 60 persen bola dengan menciptakan total 21 percobaan meski hanya tiga yang mengarah ke gawang.	ESPN
1914	El Real	Menurut ESPN, El Real menguasai 60 persen bola dengan menciptakan total 21 percobaan meski hanya tiga yang mengarah ke gawang.	El Real
1994	DKI	Kita kan bisa maju sendiri (ke Pilgub DKI), waktu kita enggak terburu-buru," kata Sekretaris DPD PDIP DKI Prasetio Edi Marsudi di Ruang Pers Balai Kota-DPRD DKI, Jl Kebon Sirih, Jakarta, Selasa (8/3/2016).	DKI
1994	PDIP	Kita kan bisa maju sendiri (ke Pilgub DKI), waktu kita enggak terburu-buru," kata Sekretaris DPD PDIP DKI Prasetio Edi Marsudi di Ruang Pers Balai Kota-DPRD DKI, Jl Kebon Sirih, Jakarta, Selasa (8/3/2016).	Partai Demokrasi Indonesia Perjuangan
1994	DKI	Kita kan bisa maju sendiri (ke Pilgub DKI), waktu kita enggak terburu-buru," kata Sekretaris DPD PDIP DKI Prasetio Edi Marsudi di Ruang Pers Balai Kota-DPRD DKI, Jl Kebon Sirih, Jakarta, Selasa (8/3/2016).	DKI
1994	Prasetio Edi Marsudi	Kita kan bisa maju sendiri (ke Pilgub DKI), waktu kita enggak terburu-buru," kata Sekretaris DPD PDIP DKI Prasetio Edi Marsudi di Ruang Pers Balai Kota-DPRD DKI, Jl Kebon Sirih, Jakarta, Selasa (8/3/2016).	Prasetio Edi
1994	Jakarta	Kita kan bisa maju sendiri (ke Pilgub DKI), waktu kita enggak terburu-buru," kata Sekretaris DPD PDIP DKI Prasetio Edi Marsudi di Ruang Pers Balai Kota-DPRD DKI, Jl Kebon Sirih, Jakarta, Selasa (8/3/2016).	Daerah Khusus Ibukota
322	Daniel	Partai atau siapa pun tidak perlu menekan, mendikte, apalagi memaksa soal reshuffle ini," ungkap Daniel dalam perbincangan dengan detikcom, Senin (4/3) malam.	Daniel
322	detikcom	Partai atau siapa pun tidak perlu menekan, mendikte, apalagi memaksa soal reshuffle ini," ungkap Daniel dalam perbincangan dengan detikcom, Senin (4/3) malam.	detikcom
1897	PDIP	Ketua DPP PDIP Hendrawan Supratikno dengan gamblang menyoroti kinerja Menteri BUMN Rini Soemarno.	Partai Demokrasi Indonesia
1897	Hendrawan Supratikno	Ketua DPP PDIP Hendrawan Supratikno dengan gamblang menyoroti kinerja Menteri BUMN Rini Soemarno.	Hendrawan Supratikno
1897	BUMN	Ketua DPP PDIP Hendrawan Supratikno dengan gamblang menyoroti kinerja Menteri BUMN Rini Soemarno.	BUMN
1897	Rini Soemarno	Ketua DPP PDIP Hendrawan Supratikno dengan gamblang menyoroti kinerja Menteri BUMN Rini Soemarno.	Rini Soemarno
870	Soetrisno Bachir	Seperti diketahui, Soetrisno Bachir sendiri sebenarnya sudah masuk dalam jajaran pemerintahan meski bukan di tubuh Kabinet Kerja.	Soetrisno Bachir
870	Kabinet Kerja	Seperti diketahui, Soetrisno Bachir sendiri sebenarnya sudah masuk dalam jajaran pemerintahan meski bukan di tubuh Kabinet Kerja.	Kabinet Kerja Presiden Joko Widodo
213	Fernando	Fernando lebih difungsikan sebagai penjaga kedalaman lini tengah di depan kotak penalti pertahanan Man City.	Fernando
213	Man City	Fernando lebih difungsikan sebagai penjaga kedalaman lini tengah di depan kotak penalti pertahanan Man City.	Man City
240	Jokowi	Ia menyerahkan apapun keputusannya kepada Jokowi, termasuk soal ada tidaknya kader PAN yang akan ditarik ke kabinet.	Joko Widodo
240	PAN	Ia menyerahkan apapun keputusannya kepada Jokowi, termasuk soal ada tidaknya kader PAN yang akan ditarik ke kabinet.	Partai Amanat Nasional
125	Pramono	"Pertimbangan Presiden hadir atau tidak, akan mendengarkan masukan dari pembantu presiden dulu," kata Pramono.	Pramono Edhie Wibowo
495	PSG	Di babak kedua, PSG sempat berbalik unggul setelah Adrien Rabiot menjebol gawang Hart di menit ke-59.	PSG
495	Adrien Rabiot	Di babak kedua, PSG sempat berbalik unggul setelah Adrien Rabiot menjebol gawang Hart di menit ke-59.	Adrien Rabiot
495	Hart	Di babak kedua, PSG sempat berbalik unggul setelah Adrien Rabiot menjebol gawang Hart di menit ke-59.	Hart
1121	Roger Federer	Roger Federer tak menemui hambatan berarti di babak kedua turnamen Roma Masters.	Roger Federer
1121	Roma	Roger Federer tak menemui hambatan berarti di babak kedua turnamen Roma Masters.	Roma
375	BUMN	Kebijakan ini menurutnya justru tak menjamin kemandirian BUMN untuk negara.	Badan Usaha Milik Negara
1122	Retno	Retno menerangkan Indonesia sangat senang dengan peningkatan signifikan kerja sama di bidang perdagangan bilateral antara RI dan Swiss.	Retno
1122	Indonesia	Retno menerangkan Indonesia sangat senang dengan peningkatan signifikan kerja sama di bidang perdagangan bilateral antara RI dan Swiss.	Republik Indonesia
1122	RI	Retno menerangkan Indonesia sangat senang dengan peningkatan signifikan kerja sama di bidang perdagangan bilateral antara RI dan Swiss.	Indonesia
1122	Swiss	Retno menerangkan Indonesia sangat senang dengan peningkatan signifikan kerja sama di bidang perdagangan bilateral antara RI dan Swiss.	Swiss
830	Benaglio	Namun, Benaglio mampu mempersempit ruang tembak Ronaldo sehingga sepakan striker asal Portugal itu bisa ditepis olehnya.	Benaglio
830	Ronaldo	Namun, Benaglio mampu mempersempit ruang tembak Ronaldo sehingga sepakan striker asal Portugal itu bisa ditepis olehnya.	Cristiano Ronaldo
830	Portugal	Namun, Benaglio mampu mempersempit ruang tembak Ronaldo sehingga sepakan striker asal Portugal itu bisa ditepis olehnya.	Cristiano Ronaldo
351	Joko Widodo	"Saya senang dan apresiasi langkah pemerintah terutama Presiden Joko Widodo yang sudah merespons aspirasi kami.	Joko Widodo
417	Indonesia	Namun di sisi negatif, kewaspadaan harus ditingkatkan karena Indonesia makin dijadikan target penyebaran narkoba.	Republik Indonesia
1623	Telkom	Sampai September 2004, Telkom mencatat peningkatan total aset menjadi Rp 56,115 triliun dibandingkan periode yang sama tahun lalu sebesar Rp 48,592 triliun.	Telkom
515	Dwikora Karnita	Dwikora Karnita dan Wakil Rektor Universitas Pecs Urusan Pendidikan Dr.Gyula Berke.	Dwikora Karnita Wiguna
515	Universitas Pecs	Dwikora Karnita dan Wakil Rektor Universitas Pecs Urusan Pendidikan Dr.Gyula Berke.	Universitas Pecs
635	Mulyawan	Pertimbangan yang dimaksud Mulyawan, mempersiapkan diri supaya capres dari PDIP, Megawati Soekarnoputri tidak kalah kedua kalinya di pilpres 2009.	Mulyawan
635	PDIP	Pertimbangan yang dimaksud Mulyawan, mempersiapkan diri supaya capres dari PDIP, Megawati Soekarnoputri tidak kalah kedua kalinya di pilpres 2009.	Partai Demokrasi Indonesia
635	Megawati Soekarnoputri	Pertimbangan yang dimaksud Mulyawan, mempersiapkan diri supaya capres dari PDIP, Megawati Soekarnoputri tidak kalah kedua kalinya di pilpres 2009.	Megawati Soekarnoputri
2110	PKB	Ia juga tak mau mengomentari soal kisruh antara PKB dan PDIP soal perebutan kursi menteri desa.	Partai Kebangkitan Bangsa
2110	PDIP	Ia juga tak mau mengomentari soal kisruh antara PKB dan PDIP soal perebutan kursi menteri desa.	Partai Demokrasi Indonesia Perjuangan
1602	Disney	Kunjungan itu pun berakhir dengan pemahaman bahwa kolaborasi antara imajinasi dan teknologi yang digunakan Disney bukan hanya sudah berlari jauh ke depan, tapi telah menembus batas-batas imajinasi.	The Walt Disney Company
298	Bandung	"Dan kita tidak tahu apakah rombongan dari Bandung itu sudah ke Surabaya atau tidak pada tanggal 18 hingga 20 Februari itu," katanya.	Kota Bandung
298	Surabaya	"Dan kita tidak tahu apakah rombongan dari Bandung itu sudah ke Surabaya atau tidak pada tanggal 18 hingga 20 Februari itu," katanya.	Kota Surabaya
1685	Joko Widodo	Presiden Joko Widodo membuat dua keputusan strategis terkait pengembangan ekonomi di wilayah Suramadu.	Joko Widodo
1685	Suramadu	Presiden Joko Widodo membuat dua keputusan strategis terkait pengembangan ekonomi di wilayah Suramadu.	Suramadu
618	Disney Channel	Disney Channel adalah sebuah stasiun tv yang menyajikan hiburan khusus untuk anak dan keluarga dari Walt Disney.	Saluran Disney
618	Walt Disney	Disney Channel adalah sebuah stasiun tv yang menyajikan hiburan khusus untuk anak dan keluarga dari Walt Disney.	Walter Elias Disney
1989	Surabaya	"Kita pasti keberatan karena Surabaya masih membutuhkan beliau dan kita baru saja memenangkan Pilkada," ujar Whisnu kepada detikcom, Rabu (6/1/2016) malam.	Kota Surabaya
1989	Whisnu	"Kita pasti keberatan karena Surabaya masih membutuhkan beliau dan kita baru saja memenangkan Pilkada," ujar Whisnu kepada detikcom, Rabu (6/1/2016) malam.	Whisnu Sakti Buana
1989	detikcom	"Kita pasti keberatan karena Surabaya masih membutuhkan beliau dan kita baru saja memenangkan Pilkada," ujar Whisnu kepada detikcom, Rabu (6/1/2016) malam.	detikcom
1369	Yandri	Yandri pun menyebut, tak pernah ada kontrak politik antara PAN dengan pemerintah saat menyatakan bergabung akhir tahun lalu.	Yandri
1369	PAN	Yandri pun menyebut, tak pernah ada kontrak politik antara PAN dengan pemerintah saat menyatakan bergabung akhir tahun lalu.	Partai Amanat Nasional
1457	Telkom	"Untuk urusan meng-connect-kan, bukan Global Comm yang melakukan, itu wilayah Telkom," ujar Teguh Samudera.	PT Telekomunikasi Indonesia
1457	Teguh Samudera	"Untuk urusan meng-connect-kan, bukan Global Comm yang melakukan, itu wilayah Telkom," ujar Teguh Samudera.	Teguh Samudera
1126	Abu Sayyaf	Pemerintah sebenarnya sudah menyatakan tidak akan membayar tebusan yang diminta kelompok garis keras Abu Sayyaf Pihak Telkom Divre II mengatakan, kasus-kasus seperti di atas banyak terjadi di Bogor, Jawa Barat dan belakangan merambat ke wilayah Jakarta Selatan.	Abu Sayyaf
1126	Telkom	Pemerintah sebenarnya sudah menyatakan tidak akan membayar tebusan yang diminta kelompok garis keras Abu Sayyaf Pihak Telkom Divre II mengatakan, kasus-kasus seperti di atas banyak terjadi di Bogor, Jawa Barat dan belakangan merambat ke wilayah Jakarta Selatan.	Telkom
1126	Bogor	Pemerintah sebenarnya sudah menyatakan tidak akan membayar tebusan yang diminta kelompok garis keras Abu Sayyaf Pihak Telkom Divre II mengatakan, kasus-kasus seperti di atas banyak terjadi di Bogor, Jawa Barat dan belakangan merambat ke wilayah Jakarta Selatan.	Kota Bogor
1126	Jawa Barat	Pemerintah sebenarnya sudah menyatakan tidak akan membayar tebusan yang diminta kelompok garis keras Abu Sayyaf Pihak Telkom Divre II mengatakan, kasus-kasus seperti di atas banyak terjadi di Bogor, Jawa Barat dan belakangan merambat ke wilayah Jakarta Selatan.	Provinsi Jawa Barat
1126	Jakarta Selatan	Pemerintah sebenarnya sudah menyatakan tidak akan membayar tebusan yang diminta kelompok garis keras Abu Sayyaf Pihak Telkom Divre II mengatakan, kasus-kasus seperti di atas banyak terjadi di Bogor, Jawa Barat dan belakangan merambat ke wilayah Jakarta Selatan.	Kota Administrasi Jakarta Selatan
583	TNGL	Menurut laman resmi TNGL, DiCaprio datang bersama dua aktor lain, yakni Adrien Brody dan Fisher Stevens, bersama sejumlah kru.	TNGL
583	DiCaprio	Menurut laman resmi TNGL, DiCaprio datang bersama dua aktor lain, yakni Adrien Brody dan Fisher Stevens, bersama sejumlah kru.	Leonardo DiCaprio
583	Adrien Brody	Menurut laman resmi TNGL, DiCaprio datang bersama dua aktor lain, yakni Adrien Brody dan Fisher Stevens, bersama sejumlah kru.	Adrien Brody
583	Fisher Stevens	Menurut laman resmi TNGL, DiCaprio datang bersama dua aktor lain, yakni Adrien Brody dan Fisher Stevens, bersama sejumlah kru.	Fisher Stevens
695	Pramono	Namun, lanjut Pramono, permintaan tersebut belum tentu bisa dikabulkan begitu saja.	Pramono
889	Madrid	Jika Madrid membukakan pintu untuk kami, maka kami harus bisa menerobosnya," sambungnya.	Madrid
1593	Uber	Tak hanya soal tarif bawah saja, sejumlah aturan yang menghambat taksi konvensional, juga disarankan dihapuskan agar persaingan dengan layanan berbasis aplikasi seperti Uber dan GrabCar bisa dilakukan.	Uber
1593	GrabCar	Tak hanya soal tarif bawah saja, sejumlah aturan yang menghambat taksi konvensional, juga disarankan dihapuskan agar persaingan dengan layanan berbasis aplikasi seperti Uber dan GrabCar bisa dilakukan.	GrabCar Indonesia
757	Ferrari	Team principal Ferrari, Maurizio Arrivabene, menolak menyerah meski timnya sekarang tertinggal cukup jauh.	Ferrari
757	Maurizio Arrivabene	Team principal Ferrari, Maurizio Arrivabene, menolak menyerah meski timnya sekarang tertinggal cukup jauh.	Maurizio Arrivabene
619	Indofood	Tidak ada hanya Indofood, tapi juga ada Wings Group dan perusahaan-perusahaan lainnya.	PT Indofood Sukses Makmur
619	Wings Group	Tidak ada hanya Indofood, tapi juga ada Wings Group dan perusahaan-perusahaan lainnya.	Wings Group
1587	Spurs	Untuk itu Spurs bisa turut berharap pada beberapa mantan pemainnya.	Tottenham Hotspur
901	Ibra	Meski termasuk veteran untuk ukuran striker, Ibra masih punya hasrat tinggi untuk bermain di kompetisi top Eropa.	Ibra
901	Eropa	Meski termasuk veteran untuk ukuran striker, Ibra masih punya hasrat tinggi untuk bermain di kompetisi top Eropa.	Eropa
1759	Rio	Selama setahun terakhir ini, Rio dalam pengawasan Piers, yang pernah menjadi pembalap Formula 3 di Inggris.	Rio
1759	Inggris	Selama setahun terakhir ini, Rio dalam pengawasan Piers, yang pernah menjadi pembalap Formula 3 di Inggris.	Inggris
2029	Polri	Selanjutnya para tersangka dan barang bukti diserahkan kepada Polri dan Badan Narkotika Nasional (BNN) guna penyidikan dan pengembangan kasus lebih lanjut.	Polri
2029	Badan Narkotika Nasional	Selanjutnya para tersangka dan barang bukti diserahkan kepada Polri dan Badan Narkotika Nasional (BNN) guna penyidikan dan pengembangan kasus lebih lanjut.	Badan Narkotika Nasional
2029	BNN	Selanjutnya para tersangka dan barang bukti diserahkan kepada Polri dan Badan Narkotika Nasional (BNN) guna penyidikan dan pengembangan kasus lebih lanjut.	BNN
97	Laks	Menurut Laks, status multi-listing bagi Telkom penting dalam rangka menjaga citra perseroan, walaupun sebetulnya saham Telkom bisa diserap investor lokal.	Laks
97	Telkom	Menurut Laks, status multi-listing bagi Telkom penting dalam rangka menjaga citra perseroan, walaupun sebetulnya saham Telkom bisa diserap investor lokal.	Telkom
97	Telkom	Menurut Laks, status multi-listing bagi Telkom penting dalam rangka menjaga citra perseroan, walaupun sebetulnya saham Telkom bisa diserap investor lokal.	Telkom
2085	PT Indofood Sukses Makmur Internasional Tbk	PT Indofood Sukses Makmur Internasional Tbk (INDF) akan membagikan dividen tahun buku 2006 sebesar Rp 31 per saham atau total Rp 264,36 miliar.	PT Indofood Sukses Makmur Internasional Tbk
2085	INDF	PT Indofood Sukses Makmur Internasional Tbk (INDF) akan membagikan dividen tahun buku 2006 sebesar Rp 31 per saham atau total Rp 264,36 miliar.	INDF
813	Inter	Beberapa hasil mengecewakan yang didapat Inter antara lain dikalahkan Sassuolo 0-1, ditahan imbang tim papan bawah Carpi 1-1, digebuk AC Milan 0-3, bermain imbang 3-3 dengan tim juru kunci Hellas Verona, dikalahkan Juventus 0-2, dan dipecundangi Torino 1 2.	Inter Milan
813	Sassuolo	Beberapa hasil mengecewakan yang didapat Inter antara lain dikalahkan Sassuolo 0-1, ditahan imbang tim papan bawah Carpi 1-1, digebuk AC Milan 0-3, bermain imbang 3-3 dengan tim juru kunci Hellas Verona, dikalahkan Juventus 0-2, dan dipecundangi Torino 1 2.	U
813	Carpi	Beberapa hasil mengecewakan yang didapat Inter antara lain dikalahkan Sassuolo 0-1, ditahan imbang tim papan bawah Carpi 1-1, digebuk AC Milan 0-3, bermain imbang 3-3 dengan tim juru kunci Hellas Verona, dikalahkan Juventus 0-2, dan dipecundangi Torino 1 2.	Carpi FC
813	AC Milan	Beberapa hasil mengecewakan yang didapat Inter antara lain dikalahkan Sassuolo 0-1, ditahan imbang tim papan bawah Carpi 1-1, digebuk AC Milan 0-3, bermain imbang 3-3 dengan tim juru kunci Hellas Verona, dikalahkan Juventus 0-2, dan dipecundangi Torino 1 2.	Associazione Calcio Milan
813	Hellas Verona	Beberapa hasil mengecewakan yang didapat Inter antara lain dikalahkan Sassuolo 0-1, ditahan imbang tim papan bawah Carpi 1-1, digebuk AC Milan 0-3, bermain imbang 3-3 dengan tim juru kunci Hellas Verona, dikalahkan Juventus 0-2, dan dipecundangi Torino 1 2.	Hellas Verona FC
813	Juventus	Beberapa hasil mengecewakan yang didapat Inter antara lain dikalahkan Sassuolo 0-1, ditahan imbang tim papan bawah Carpi 1-1, digebuk AC Milan 0-3, bermain imbang 3-3 dengan tim juru kunci Hellas Verona, dikalahkan Juventus 0-2, dan dipecundangi Torino 1 2.	Juventus FC
813	Torino	Beberapa hasil mengecewakan yang didapat Inter antara lain dikalahkan Sassuolo 0-1, ditahan imbang tim papan bawah Carpi 1-1, digebuk AC Milan 0-3, bermain imbang 3-3 dengan tim juru kunci Hellas Verona, dikalahkan Juventus 0-2, dan dipecundangi Torino 1 2.	Torino FC
1790	Rio Haryanto	Rio Haryanto dijadwalkan bertolak ke Malaysia (dari Jakarta) pada Rabu (20/3) kemudian pada Jumat (22/3) mengikuti babak kualifikasi untuk menentukan nomor star dan mulai Sabtu (23/3) menjalani perlombaan secara resmi.	Rio Haryanto
1790	Malaysia	Rio Haryanto dijadwalkan bertolak ke Malaysia (dari Jakarta) pada Rabu (20/3) kemudian pada Jumat (22/3) mengikuti babak kualifikasi untuk menentukan nomor star dan mulai Sabtu (23/3) menjalani perlombaan secara resmi.	Negara Malaysia
1790	Jakarta	Rio Haryanto dijadwalkan bertolak ke Malaysia (dari Jakarta) pada Rabu (20/3) kemudian pada Jumat (22/3) mengikuti babak kualifikasi untuk menentukan nomor star dan mulai Sabtu (23/3) menjalani perlombaan secara resmi.	Daerah Khusus Ibukota Jakarta
189	Ibrahimovic	Gol Ibrahimovic itu tercipta lantaran buruknya first touch Fernando ketika menerima operan dari Joe Hart.	Ibrahimovic
189	Fernando	Gol Ibrahimovic itu tercipta lantaran buruknya first touch Fernando ketika menerima operan dari Joe Hart.	Fernando Torres
189	Joe Hart	Gol Ibrahimovic itu tercipta lantaran buruknya first touch Fernando ketika menerima operan dari Joe Hart.	Joe Hart
1454	Anies Baswedan	Menteri Pendidikan dan Kebudayaan (Mendikbud) Anies Baswedan mengatakan, distribusi soal Ujian Nasional (UN) dan persiapan Ujian Nasional Berbasis Komputer (UNBK) sudah 100 persen selesai.	Anies Rasyid Baswedan
904	Tobelo	Di Tobelo, Jokowi meresmikan pembangunan 5 pelabuhan di wilayah Maluku.	Kota Tobelo
904	Jokowi	Di Tobelo, Jokowi meresmikan pembangunan 5 pelabuhan di wilayah Maluku.	Joko Widodo
904	Maluku	Di Tobelo, Jokowi meresmikan pembangunan 5 pelabuhan di wilayah Maluku.	Provinsi Maluku